<?xml version="1.0" encoding="UTF-8"?><rss version="2.0"
	xmlns:content="http://purl.org/rss/1.0/modules/content/"
	xmlns:wfw="http://wellformedweb.org/CommentAPI/"
	xmlns:dc="http://purl.org/dc/elements/1.1/"
	xmlns:atom="http://www.w3.org/2005/Atom"
	xmlns:sy="http://purl.org/rss/1.0/modules/syndication/"
	xmlns:slash="http://purl.org/rss/1.0/modules/slash/"
	>

<channel>
	<title>GIÁ LUÔN TỐT &#8211; Yamie Shop</title>
	<atom:link href="https://https://github.com/BaRoWoPt/TMDT_YAMIE.git/product-category/gia-luon-tot/feed/" rel="self" type="application/rss+xml" />
	<link>https://https://github.com/BaRoWoPt/TMDT_YAMIE.git/</link>
	<description>Quần áo đẹp</description>
	<lastBuildDate>Thu, 07 Nov 2024 06:47:10 +0000</lastBuildDate>
	<language>vi</language>
	<sy:updatePeriod>
	hourly	</sy:updatePeriod>
	<sy:updateFrequency>
	1	</sy:updateFrequency>
	<generator>https://wordpress.org/?v=6.6.2</generator>

<image>
	<url>https://https://github.com/BaRoWoPt/TMDT_YAMIE.git/wp-content/uploads/2024/10/cropped-YAMIE-1-e1729149680715-32x32.png</url>
	<title>GIÁ LUÔN TỐT &#8211; Yamie Shop</title>
	<link>https://https://github.com/BaRoWoPt/TMDT_YAMIE.git/</link>
	<width>32</width>
	<height>32</height>
</image> 
	<item>
		<title>Dây Nịt Da</title>
		<link>https://https://github.com/BaRoWoPt/TMDT_YAMIE.git/product/day-nit-da/</link>
					<comments>https://https://github.com/BaRoWoPt/TMDT_YAMIE.git/product/day-nit-da/#respond</comments>
		
		<dc:creator><![CDATA[hongngan]]></dc:creator>
		<pubDate>Sun, 03 Nov 2024 07:25:20 +0000</pubDate>
				<guid isPermaLink="false">https://https://github.com/BaRoWoPt/TMDT_YAMIE.git/?post_type=product#038;p=1148</guid>

					<description><![CDATA[1. Kiểu sản phẩm: Dây nịt nam cao cấp 2. Ưu điểm: ● Chất liệu cao cấp: Da bò trơn nhập khẩu, bền bỉ, sang trọng. ● Thiết kế tinh tế: Vẻ ngoài sáng bóng, đường nét tinh xảo. ● Đầu khóa Zinc Contract: Được làm từ hợp kim kẽm cao cấp, có khả năng [...]]]></description>
										<content:encoded><![CDATA[<p>1. Kiểu sản phẩm: Dây nịt nam cao cấp<br />
2. Ưu điểm:<br />
● Chất liệu cao cấp: Da bò trơn nhập khẩu, bền bỉ, sang trọng.<br />
● Thiết kế tinh tế: Vẻ ngoài sáng bóng, đường nét tinh xảo.<br />
● Đầu khóa Zinc Contract: Được làm từ hợp kim kẽm cao cấp, có khả năng chống gỉ sét và mài mòn tốt, đảm bảo việc thắt và mở khóa dễ dàng.<br />
● Đóng gói cao cấp: Đi kèm hộp đựng logo ánh kim sang trọng, thích hợp làm quà tặng.<br />
3. Chất liệu:<br />
● Dây: 100% da bò thật.<br />
● Đầu khóa: Hợp kim Zinc contract (Kẽm, Nhôm, Đồng, Magie).<br />
4. Kỹ thuật:<br />
● Đầu khóa được gia công tỉ mỉ, chi tiết bo cạnh tạo nên sự hoàn hảo và tăng độ bền cho dây nịt.<br />
● Kích thước: Dây dài 115cm và rộng 3.5cm, phù hợp với nhiều kích cỡ vòng eo khác nhau.<br />
5. Phù hợp với ai: Những người yêu thích phong cách lịch lãm, sang trọng, quan tâm đến chất lượng và độ bền của sản phẩm, muốn tìm kiếm một phụ kiện thời trang đẳng cấp.<br />
6. Thuộc Bộ sưu tập: Bộ sưu tập #Y2010 &#8211; Sự kết hợp hoàn hảo giữa truyền thống và hiện đại.<br />
7. Các tên thường gọi hoặc tìm kiếm: Dây nịt nam da bò cao cấp, dây nịt nam khóa tự động, dây nịt nam thiết kế đơn giản, dây nịt nam Y2010, thắt lưng.</p>
]]></content:encoded>
					
					<wfw:commentRss>https://https://github.com/BaRoWoPt/TMDT_YAMIE.git/product/day-nit-da/feed/</wfw:commentRss>
			<slash:comments>0</slash:comments>
		
		
			</item>
		<item>
		<title>Vớ Dệt Cổ Cao</title>
		<link>https://https://github.com/BaRoWoPt/TMDT_YAMIE.git/product/vo-det-co-cao/</link>
					<comments>https://https://github.com/BaRoWoPt/TMDT_YAMIE.git/product/vo-det-co-cao/#respond</comments>
		
		<dc:creator><![CDATA[hongngan]]></dc:creator>
		<pubDate>Sun, 03 Nov 2024 07:23:26 +0000</pubDate>
				<guid isPermaLink="false">https://https://github.com/BaRoWoPt/TMDT_YAMIE.git/?post_type=product#038;p=1145</guid>

					<description><![CDATA[]]></description>
										<content:encoded><![CDATA[]]></content:encoded>
					
					<wfw:commentRss>https://https://github.com/BaRoWoPt/TMDT_YAMIE.git/product/vo-det-co-cao/feed/</wfw:commentRss>
			<slash:comments>0</slash:comments>
		
		
			</item>
		<item>
		<title>Túi Đeo Daily Phụ Kiện Cosmo 34 Vol 24</title>
		<link>https://https://github.com/BaRoWoPt/TMDT_YAMIE.git/product/tui-deo-daily-phu-kien-cosmo-34-vol-24/</link>
					<comments>https://https://github.com/BaRoWoPt/TMDT_YAMIE.git/product/tui-deo-daily-phu-kien-cosmo-34-vol-24/#respond</comments>
		
		<dc:creator><![CDATA[hongngan]]></dc:creator>
		<pubDate>Sun, 03 Nov 2024 07:20:45 +0000</pubDate>
				<guid isPermaLink="false">https://https://github.com/BaRoWoPt/TMDT_YAMIE.git/?post_type=product#038;p=1143</guid>

					<description><![CDATA[1. Kiểu sản phẩm: Túi đeo chéo, túi messenger là loại túi có thiết kế quai dài, dạng hình chữ nhật hoặc vuông vắn. Bạn có thể đeo túi này qua vai hoặc đeo chéo. 2. Ưu điểm: ○ Nhỏ, nhẹ, sức chứa bất ngờ so với kích thước túi. ○ Chất liệu sợi nhân [...]]]></description>
										<content:encoded><![CDATA[<p>1. Kiểu sản phẩm: Túi đeo chéo, túi messenger là loại túi có thiết kế quai dài, dạng hình chữ nhật hoặc vuông vắn. Bạn có thể đeo túi này qua vai hoặc đeo chéo.<br />
2. Ưu điểm:<br />
○ Nhỏ, nhẹ, sức chứa bất ngờ so với kích thước túi.<br />
○ Chất liệu sợi nhân tạo 100% Nylon giúp túi bền và trượt nước, ít bị bám bẩn.<br />
○ Logo kim loại làm điểm nhấn giúp túi sang mà không đơn điệu.<br />
3. Chất liệu: Sợi Nhân Tạo 100% Nylon.<br />
4. Kỹ thuật và kích thước:<br />
○ Kích thước: Cao 22 x Ngang 32 x Rộng 14cm.<br />
○ Túi được tính toán sao cho có thể đựng được nhiều đồ cần thiết hằng ngày nhất có thể so với kích thước nhỏ của túi.<br />
5. Phù hợp với ai: Túi này phù hợp cho cả nam và nữ, dùng để đi làm, đi chơi, dạo phố hoặc trong các hoạt động thường ngày.<br />
6. Thuộc Bộ Sưu Tập: #Y2010.<br />
7. Các tên thường gọi hoặc tìm kiếm về sản phẩm này: Túi đeo chéo, túi messenger, túi đưa thư, túi xách đen.</p>
]]></content:encoded>
					
					<wfw:commentRss>https://https://github.com/BaRoWoPt/TMDT_YAMIE.git/product/tui-deo-daily-phu-kien-cosmo-34-vol-24/feed/</wfw:commentRss>
			<slash:comments>0</slash:comments>
		
		
			</item>
		<item>
		<title>Áo Thun Trơn Vải Waffle</title>
		<link>https://https://github.com/BaRoWoPt/TMDT_YAMIE.git/product/ao-thun-tron-vai-waffle/</link>
					<comments>https://https://github.com/BaRoWoPt/TMDT_YAMIE.git/product/ao-thun-tron-vai-waffle/#respond</comments>
		
		<dc:creator><![CDATA[hongngan]]></dc:creator>
		<pubDate>Thu, 17 Oct 2024 05:53:42 +0000</pubDate>
				<guid isPermaLink="false">https://https://github.com/BaRoWoPt/TMDT_YAMIE.git/?post_type=product#038;p=454</guid>

					<description><![CDATA[1. Kiểu sản phẩm : Áo thun tay ngắn cổ tròn 2. Ưu điểm : • Chất liệu co giãn 2 chiều thoáng mát tăng cường sự thoải mái khi vận động, giúp bạn tự tin hơn trong mọi hoạt động. • Bảng màu phong phú dễ dàng kết hợp với nhiều trang phục và [...]]]></description>
										<content:encoded><![CDATA[<p>1. Kiểu sản phẩm : Áo thun tay ngắn cổ tròn<br />
2. Ưu điểm :<br />
• Chất liệu co giãn 2 chiều thoáng mát tăng cường sự thoải mái khi vận động, giúp bạn tự tin hơn trong mọi hoạt động.<br />
• Bảng màu phong phú dễ dàng kết hợp với nhiều trang phục và phụ kiện khác nhau.<br />
3. Chất liệu: Waffle 100% Polyester<br />
4. Kỹ thuật : Cổ áo được hoàn thiện bằng chính chất liệu vải áo, mang đến một thiết kế tinh giản nhưng không kém phần sang trọng cho người mặc. Các đường may được gia công tỉ mỉ, đảm bảo độ bền và tính thẩm mỹ.<br />
5. Phù hợp với ai : Thiết kế đơn giản, phù hợp với mọi đối tượng, từ phong cách năng động, trẻ trung đến phong cách tối giản, thanh lịch. Thích hợp mặc đi làm, đi chơi, tập thể thao hoặc mặc hàng ngày.<br />
6. Thuộc Bộ Sưu Tập : NON BRANED Bộ sưu tập thời trang tối giản, tập trung vào chất liệu và thiết kế tinh tế, mang đến trải nghiệm thời trang sang trọng nhưng không quá cầu kỳ.<br />
7. Các tên thường gọi hoặc tìm kiếm về sản phẩm này : Áo thun trơn, Áo thun tổ ong, Áo thun basic , Áo thun màu</p>
]]></content:encoded>
					
					<wfw:commentRss>https://https://github.com/BaRoWoPt/TMDT_YAMIE.git/product/ao-thun-tron-vai-waffle/feed/</wfw:commentRss>
			<slash:comments>0</slash:comments>
		
		
			</item>
		<item>
		<title>Áo Thun Ba Lỗ Vải Vải Hexagon Polyester</title>
		<link>https://https://github.com/BaRoWoPt/TMDT_YAMIE.git/product/ao-thun-ba-lo-vai-vai-hexagon-polyester/</link>
					<comments>https://https://github.com/BaRoWoPt/TMDT_YAMIE.git/product/ao-thun-ba-lo-vai-vai-hexagon-polyester/#respond</comments>
		
		<dc:creator><![CDATA[hongngan]]></dc:creator>
		<pubDate>Thu, 17 Oct 2024 04:10:37 +0000</pubDate>
				<guid isPermaLink="false">https://https://github.com/BaRoWoPt/TMDT_YAMIE.git/?post_type=product#038;p=355</guid>

					<description><![CDATA[. Kiểu sản phẩm: Áo thun 3 lỗ cổ tròn dáng vừa vặn, thoải mái vận động 2. Ưu điểm: ○ Chất vải mềm mại, trọng lượng nhẹ, không nhăn, dễ gấp gọn mang theo. ○ Kiểu dệt cho phép không khí lưu thông qua bề mặt vải nhiều hơn giúp tăng khả năng thấm [...]]]></description>
										<content:encoded><![CDATA[<p>. Kiểu sản phẩm: Áo thun 3 lỗ cổ tròn dáng vừa vặn, thoải mái vận động<br />
2. Ưu điểm:<br />
○ Chất vải mềm mại, trọng lượng nhẹ, không nhăn, dễ gấp gọn mang theo.<br />
○ Kiểu dệt cho phép không khí lưu thông qua bề mặt vải nhiều hơn giúp tăng khả năng thấm hút thoát ẩm, nhanh khô và thoáng mát.<br />
○ Chất liệu được xử lý hạn chế tối đa sự co rút, và giãn nhão duy trì hình<br />
○ dáng ban đầu sau nhiều lần giặt.<br />
○ Thiết kế phần lai xẻ V tối ưu cử động hông<br />
3. Chất liệu: Vải Hexagon Polyester (100% Polyester)<br />
4. Kỹ thuật: In nhũ bạc tạo điểm nhấn hiện đại, tinh tế.<br />
5. Phù hợp với ai: Phù hợp với mọi người, đặc biệt là khi tham gia các hoạt động thể thao hằng ngày.<br />
6. Thuộc Bộ Sưu Tập: Beginner thể thao cho người mới bắt đầu chơi thể thao hoặc tập thể dục, tập gym<br />
7. Các tên thường gọi hoặc tìm kiếm về sản phẩm này: Áo thun 3 lỗ, áo thun thoáng mát, áo thun GYM.</p>
]]></content:encoded>
					
					<wfw:commentRss>https://https://github.com/BaRoWoPt/TMDT_YAMIE.git/product/ao-thun-ba-lo-vai-vai-hexagon-polyester/feed/</wfw:commentRss>
			<slash:comments>0</slash:comments>
		
		
			</item>
		<item>
		<title>Áo Thun Trơn Vải Hexagon Polyester</title>
		<link>https://https://github.com/BaRoWoPt/TMDT_YAMIE.git/product/ao-thun-tron-vai-hexagon-polyester/</link>
					<comments>https://https://github.com/BaRoWoPt/TMDT_YAMIE.git/product/ao-thun-tron-vai-hexagon-polyester/#respond</comments>
		
		<dc:creator><![CDATA[hongngan]]></dc:creator>
		<pubDate>Thu, 17 Oct 2024 04:01:00 +0000</pubDate>
				<guid isPermaLink="false">https://https://github.com/BaRoWoPt/TMDT_YAMIE.git/?post_type=product#038;p=333</guid>

					<description><![CDATA[1. Kiểu sản phẩm: Áo thun cổ tròn tay ngắn với phần raglan cao giúp áo vừa vặn, thoải mái hơn trong vận động. 2. Ưu điểm: ○ Chất vải mềm mại, trọng lượng nhẹ, không nhăn, dễ gấp gọn mang theo. ○ Kiểu dệt cho phép không khí lưu thông qua bề mặt vải [...]]]></description>
										<content:encoded><![CDATA[<p>1. Kiểu sản phẩm: Áo thun cổ tròn tay ngắn với phần raglan cao giúp áo vừa vặn, thoải mái hơn trong vận động.<br />
2. Ưu điểm:<br />
○ Chất vải mềm mại, trọng lượng nhẹ, không nhăn, dễ gấp gọn mang theo.<br />
○ Kiểu dệt cho phép không khí lưu thông qua bề mặt vải nhiều hơn giúp tăng khả năng thấm hút thoát ẩm, nhanh khô và thoáng mát.<br />
○ Chất liệu được xử lý hạn chế tối đa sự co rút, và giãn nhão duy trì hình dáng ban đầu sau nhiều lần giặt.<br />
3. Chất liệu: Vải Hexagon Polyester (100% Polyester)<br />
4. Kỹ thuật: In nhũ bạc, rã phối dịch chuyển đường may dưới cánh tay giúp cử động trong tập luyện dễ chịu hơn<br />
5. Phù hợp với ai: Phù hợp với mọi người, đặc biệt là khi tham gia các hoạt động thể thao hằng ngày.<br />
6. Thuộc Bộ Sưu Tập: Beginner thể thao cho người mới bắt đầu chơi thể thao hoặc tập thể dục, tập gym<br />
7. Các tên thường gọi hoặc tìm kiếm về sản phẩm này: Áo thun cổ tròn, áo thun tay ngắn, áo thun thể thao.</p>
]]></content:encoded>
					
					<wfw:commentRss>https://https://github.com/BaRoWoPt/TMDT_YAMIE.git/product/ao-thun-tron-vai-hexagon-polyester/feed/</wfw:commentRss>
			<slash:comments>0</slash:comments>
		
		
			</item>
	</channel>
</rss>
