<?xml version="1.0" encoding="UTF-8"?><rss version="2.0"
	xmlns:content="http://purl.org/rss/1.0/modules/content/"
	xmlns:wfw="http://wellformedweb.org/CommentAPI/"
	xmlns:dc="http://purl.org/dc/elements/1.1/"
	xmlns:atom="http://www.w3.org/2005/Atom"
	xmlns:sy="http://purl.org/rss/1.0/modules/syndication/"
	xmlns:slash="http://purl.org/rss/1.0/modules/slash/"
	>

<channel>
	<title>Áo Thun Trơn &#8211; Yamie Shop</title>
	<atom:link href="https://https://github.com/BaRoWoPt/TMDT_YAMIE.git/product-category/ao-thun-nam-nu/ao-thun-tron/feed/" rel="self" type="application/rss+xml" />
	<link>https://https://github.com/BaRoWoPt/TMDT_YAMIE.git/</link>
	<description>Quần áo đẹp</description>
	<lastBuildDate>Thu, 07 Nov 2024 06:47:10 +0000</lastBuildDate>
	<language>vi</language>
	<sy:updatePeriod>
	hourly	</sy:updatePeriod>
	<sy:updateFrequency>
	1	</sy:updateFrequency>
	<generator>https://wordpress.org/?v=6.6.2</generator>

<image>
	<url>https://https://github.com/BaRoWoPt/TMDT_YAMIE.git/wp-content/uploads/2024/10/cropped-YAMIE-1-e1729149680715-32x32.png</url>
	<title>Áo Thun Trơn &#8211; Yamie Shop</title>
	<link>https://https://github.com/BaRoWoPt/TMDT_YAMIE.git/</link>
	<width>32</width>
	<height>32</height>
</image> 
	<item>
		<title>Áo Polo Cổ Bẻ Tay Ngắn Sợi Nhân Tạo</title>
		<link>https://https://github.com/BaRoWoPt/TMDT_YAMIE.git/product/ao-polo-co-be-tay-ngan-soi-nhan-tao/</link>
					<comments>https://https://github.com/BaRoWoPt/TMDT_YAMIE.git/product/ao-polo-co-be-tay-ngan-soi-nhan-tao/#respond</comments>
		
		<dc:creator><![CDATA[hongngan]]></dc:creator>
		<pubDate>Sun, 03 Nov 2024 10:50:52 +0000</pubDate>
				<guid isPermaLink="false">https://https://github.com/BaRoWoPt/TMDT_YAMIE.git/?post_type=product#038;p=1159</guid>

					<description><![CDATA[1. Kiểu sản phẩm: Áo Polo Nam Tay Ngắn 2. Ưu điểm: • Chất liệu vải Pique mang đến cảm giác mềm mại, thoáng mát và bền bỉ. Co giãn 4 chiều tăng cường sự thoải mái và linh hoạt trong mọi chuyển động. • Thiết kế tay ngắn đơn giản bảng màu đa dạng [...]]]></description>
										<content:encoded><![CDATA[<p>1. Kiểu sản phẩm: Áo Polo Nam Tay Ngắn<br />
2. Ưu điểm:<br />
• Chất liệu vải Pique mang đến cảm giác mềm mại, thoáng mát và bền bỉ. Co giãn 4 chiều tăng cường sự thoải mái và linh hoạt trong mọi chuyển động.<br />
• Thiết kế tay ngắn đơn giản bảng màu đa dạng dễ dàng kết hợp với nhiều phong cách khác nhau, phù hợp với thời tiết nhiệt đới và các hoạt động hàng ngày.<br />
3. Chất liệu: Vải Pique 95% Polyester 5% Spandex<br />
4. Kỹ thuật: Đường may tỉ mỉ đảm bảo sản phẩm có độ bền cao và tính thẩm mỹ. Cổ áo cứng cáp được gia cố chắc chắn, giữ form dáng chuẩn chỉnh, giúp bạn luôn tự tin trong mọi hoàn cảnh.<br />
5. Phù hợp với ai: Nam giới yêu thích phong cách thời trang đơn giản, lịch lãm. Những người hoạt động thường xuyên và cần một chiếc áo thoải mái hoặc các chàng trai muốn có một item cơ bản nhưng không kém phần thời thượng trong tủ đồ.<br />
6. Thuộc Bộ Sưu Tập: NON BRANDED &#8211; Mang đến sự sang trọng tinh tế nhưng không quá phô trương.<br />
7. Các tên thường gọi hoặc tìm kiếm về sản phẩm này: Áo polo nam vải pique, Áo polo co giãn 4 chiều, Áo polo basic, Áo polo màu pastel, Áo polo nam cao cấp, Áo polo nam công sở</p>
]]></content:encoded>
					
					<wfw:commentRss>https://https://github.com/BaRoWoPt/TMDT_YAMIE.git/product/ao-polo-co-be-tay-ngan-soi-nhan-tao/feed/</wfw:commentRss>
			<slash:comments>0</slash:comments>
		
		
			</item>
		<item>
		<title>Áo Thun Ba Lỗ Vải Waffle</title>
		<link>https://https://github.com/BaRoWoPt/TMDT_YAMIE.git/product/ao-thun-ba-lo-vai-waffle/</link>
					<comments>https://https://github.com/BaRoWoPt/TMDT_YAMIE.git/product/ao-thun-ba-lo-vai-waffle/#respond</comments>
		
		<dc:creator><![CDATA[hongngan]]></dc:creator>
		<pubDate>Thu, 17 Oct 2024 06:13:35 +0000</pubDate>
				<guid isPermaLink="false">https://https://github.com/BaRoWoPt/TMDT_YAMIE.git/?post_type=product#038;p=545</guid>

					<description><![CDATA[1. Kiểu sản phẩm: Áo thun ba lỗ cổ tròn basic 2. Ưu điểm nổi bật : Áo ba lỗ thiết kế thông minh, chất liệu co giãn 2 chiều thoáng mát, nách rộng thoải mái, hoàn hảo cho những hoạt động trong thời tiết nóng bức 3. Chất liệu: Waffle 100%Polyester 4. Kỹ thuật [...]]]></description>
										<content:encoded><![CDATA[<p>1. Kiểu sản phẩm: Áo thun ba lỗ cổ tròn basic<br />
2. Ưu điểm nổi bật : Áo ba lỗ thiết kế thông minh, chất liệu co giãn 2 chiều thoáng mát, nách rộng thoải mái, hoàn hảo cho những hoạt động trong thời tiết nóng bức<br />
3. Chất liệu: Waffle 100%Polyester<br />
4. Kỹ thuật may : Đường may viền chắc chắn, tinh tế, tăng cường độ bền cho sản phẩm.<br />
5. Phù hợp với ai : Phù hợp với mọi đối tượng, đặc biệt là những người yêu thích phong cách đơn giản, năng động. Thích hợp mặc đi làm, đi chơi, tập gym, hoặc mặc ở nhà.<br />
6. Thuộc bộ sưu tập: Non Branded đơn giản nhưng không kém phần thời trang.<br />
7. Các tên gọi hoặc từ khóa tìm kiếm : Áo thun ba lỗ nam, Áo tank top nam, Áo thun waffle, Áo thun tổ ong, Áo thun basic, Áo thun thể thao, Áo thun nam cao cấp</p>
]]></content:encoded>
					
					<wfw:commentRss>https://https://github.com/BaRoWoPt/TMDT_YAMIE.git/product/ao-thun-ba-lo-vai-waffle/feed/</wfw:commentRss>
			<slash:comments>0</slash:comments>
		
		
			</item>
		<item>
		<title>Áo Thun Trơn Công Nghệ Cool Touch</title>
		<link>https://https://github.com/BaRoWoPt/TMDT_YAMIE.git/product/ao-thun-tron-cong-nghe-cool-touch/</link>
					<comments>https://https://github.com/BaRoWoPt/TMDT_YAMIE.git/product/ao-thun-tron-cong-nghe-cool-touch/#respond</comments>
		
		<dc:creator><![CDATA[hongngan]]></dc:creator>
		<pubDate>Thu, 17 Oct 2024 06:06:30 +0000</pubDate>
				<guid isPermaLink="false">https://https://github.com/BaRoWoPt/TMDT_YAMIE.git/?post_type=product#038;p=517</guid>

					<description><![CDATA[1.Kiểu sản phẩm: Áo thun cổ tròn tay ngắn dáng vừa 2.Ưu điểm: ● Mặc mát thoáng khí vải siêu mềm mịn, dễ chịu khi mặc. ● Co giãn cực thoải mái thân thiện với môi trường . ● Công nghệ Cool Touch, hay còn gọi là công nghệ làm mát, là một phương pháp [...]]]></description>
										<content:encoded><![CDATA[<p>1.Kiểu sản phẩm: Áo thun cổ tròn tay ngắn dáng vừa<br />
2.Ưu điểm:<br />
● Mặc mát thoáng khí vải siêu mềm mịn, dễ chịu khi mặc.<br />
● Co giãn cực thoải mái thân thiện với môi trường .<br />
● Công nghệ Cool Touch, hay còn gọi là công nghệ làm mát, là một phương pháp xử lý vải giúp vải có khả năng thoát nhiệt tốt hơn.<br />
● Khi bạn mặc quần áo làm từ vải Cool Touch, cơ thể sẽ cảm thấy mát mẻ hơn vì vải có khả năng hấp thụ và thoát mồ hôi nhanh chóng, đồng thời giúp làm giảm nhiệt độ bề mặt da.<br />
3.Chất liệu: Thun 4 Chiều, 92% Cotton, 8% Spandex<br />
4.Kỹ thuật: May phối miếng đắp dệt bên sườn<br />
5.Phù hợp với ai: Phù hợp cho mọi lứa tuổi, đặc biệt là những người yêu thích phong cách năng động và thoải mái<br />
6. Bộ Sưu Tập : Cool Touch &#8211; Mát Mẻ Thảnh Thơi &#8211; Sáng Khoái Mùa Hè &#8211; Áo Mát Lý Tưởng<br />
7.Các Tên Thường Gọi : Áo thun nam, áo thun cotton, áo thun co giãn, áo thun thời trang, áo thun cổ tròn, áo thun tay ngắn.</p>
]]></content:encoded>
					
					<wfw:commentRss>https://https://github.com/BaRoWoPt/TMDT_YAMIE.git/product/ao-thun-tron-cong-nghe-cool-touch/feed/</wfw:commentRss>
			<slash:comments>0</slash:comments>
		
		
			</item>
		<item>
		<title>Áo Thun Trơn Vải Waffle</title>
		<link>https://https://github.com/BaRoWoPt/TMDT_YAMIE.git/product/ao-thun-tron-vai-waffle/</link>
					<comments>https://https://github.com/BaRoWoPt/TMDT_YAMIE.git/product/ao-thun-tron-vai-waffle/#respond</comments>
		
		<dc:creator><![CDATA[hongngan]]></dc:creator>
		<pubDate>Thu, 17 Oct 2024 05:53:42 +0000</pubDate>
				<guid isPermaLink="false">https://https://github.com/BaRoWoPt/TMDT_YAMIE.git/?post_type=product#038;p=454</guid>

					<description><![CDATA[1. Kiểu sản phẩm : Áo thun tay ngắn cổ tròn 2. Ưu điểm : • Chất liệu co giãn 2 chiều thoáng mát tăng cường sự thoải mái khi vận động, giúp bạn tự tin hơn trong mọi hoạt động. • Bảng màu phong phú dễ dàng kết hợp với nhiều trang phục và [...]]]></description>
										<content:encoded><![CDATA[<p>1. Kiểu sản phẩm : Áo thun tay ngắn cổ tròn<br />
2. Ưu điểm :<br />
• Chất liệu co giãn 2 chiều thoáng mát tăng cường sự thoải mái khi vận động, giúp bạn tự tin hơn trong mọi hoạt động.<br />
• Bảng màu phong phú dễ dàng kết hợp với nhiều trang phục và phụ kiện khác nhau.<br />
3. Chất liệu: Waffle 100% Polyester<br />
4. Kỹ thuật : Cổ áo được hoàn thiện bằng chính chất liệu vải áo, mang đến một thiết kế tinh giản nhưng không kém phần sang trọng cho người mặc. Các đường may được gia công tỉ mỉ, đảm bảo độ bền và tính thẩm mỹ.<br />
5. Phù hợp với ai : Thiết kế đơn giản, phù hợp với mọi đối tượng, từ phong cách năng động, trẻ trung đến phong cách tối giản, thanh lịch. Thích hợp mặc đi làm, đi chơi, tập thể thao hoặc mặc hàng ngày.<br />
6. Thuộc Bộ Sưu Tập : NON BRANED Bộ sưu tập thời trang tối giản, tập trung vào chất liệu và thiết kế tinh tế, mang đến trải nghiệm thời trang sang trọng nhưng không quá cầu kỳ.<br />
7. Các tên thường gọi hoặc tìm kiếm về sản phẩm này : Áo thun trơn, Áo thun tổ ong, Áo thun basic , Áo thun màu</p>
]]></content:encoded>
					
					<wfw:commentRss>https://https://github.com/BaRoWoPt/TMDT_YAMIE.git/product/ao-thun-tron-vai-waffle/feed/</wfw:commentRss>
			<slash:comments>0</slash:comments>
		
		
			</item>
		<item>
		<title>Áo Thun Ba Lỗ Vải Vải Hexagon Polyester</title>
		<link>https://https://github.com/BaRoWoPt/TMDT_YAMIE.git/product/ao-thun-ba-lo-vai-vai-hexagon-polyester/</link>
					<comments>https://https://github.com/BaRoWoPt/TMDT_YAMIE.git/product/ao-thun-ba-lo-vai-vai-hexagon-polyester/#respond</comments>
		
		<dc:creator><![CDATA[hongngan]]></dc:creator>
		<pubDate>Thu, 17 Oct 2024 04:10:37 +0000</pubDate>
				<guid isPermaLink="false">https://https://github.com/BaRoWoPt/TMDT_YAMIE.git/?post_type=product#038;p=355</guid>

					<description><![CDATA[. Kiểu sản phẩm: Áo thun 3 lỗ cổ tròn dáng vừa vặn, thoải mái vận động 2. Ưu điểm: ○ Chất vải mềm mại, trọng lượng nhẹ, không nhăn, dễ gấp gọn mang theo. ○ Kiểu dệt cho phép không khí lưu thông qua bề mặt vải nhiều hơn giúp tăng khả năng thấm [...]]]></description>
										<content:encoded><![CDATA[<p>. Kiểu sản phẩm: Áo thun 3 lỗ cổ tròn dáng vừa vặn, thoải mái vận động<br />
2. Ưu điểm:<br />
○ Chất vải mềm mại, trọng lượng nhẹ, không nhăn, dễ gấp gọn mang theo.<br />
○ Kiểu dệt cho phép không khí lưu thông qua bề mặt vải nhiều hơn giúp tăng khả năng thấm hút thoát ẩm, nhanh khô và thoáng mát.<br />
○ Chất liệu được xử lý hạn chế tối đa sự co rút, và giãn nhão duy trì hình<br />
○ dáng ban đầu sau nhiều lần giặt.<br />
○ Thiết kế phần lai xẻ V tối ưu cử động hông<br />
3. Chất liệu: Vải Hexagon Polyester (100% Polyester)<br />
4. Kỹ thuật: In nhũ bạc tạo điểm nhấn hiện đại, tinh tế.<br />
5. Phù hợp với ai: Phù hợp với mọi người, đặc biệt là khi tham gia các hoạt động thể thao hằng ngày.<br />
6. Thuộc Bộ Sưu Tập: Beginner thể thao cho người mới bắt đầu chơi thể thao hoặc tập thể dục, tập gym<br />
7. Các tên thường gọi hoặc tìm kiếm về sản phẩm này: Áo thun 3 lỗ, áo thun thoáng mát, áo thun GYM.</p>
]]></content:encoded>
					
					<wfw:commentRss>https://https://github.com/BaRoWoPt/TMDT_YAMIE.git/product/ao-thun-ba-lo-vai-vai-hexagon-polyester/feed/</wfw:commentRss>
			<slash:comments>0</slash:comments>
		
		
			</item>
		<item>
		<title>Áo Thun Trơn Vải Hexagon Polyester</title>
		<link>https://https://github.com/BaRoWoPt/TMDT_YAMIE.git/product/ao-thun-tron-vai-hexagon-polyester/</link>
					<comments>https://https://github.com/BaRoWoPt/TMDT_YAMIE.git/product/ao-thun-tron-vai-hexagon-polyester/#respond</comments>
		
		<dc:creator><![CDATA[hongngan]]></dc:creator>
		<pubDate>Thu, 17 Oct 2024 04:01:00 +0000</pubDate>
				<guid isPermaLink="false">https://https://github.com/BaRoWoPt/TMDT_YAMIE.git/?post_type=product#038;p=333</guid>

					<description><![CDATA[1. Kiểu sản phẩm: Áo thun cổ tròn tay ngắn với phần raglan cao giúp áo vừa vặn, thoải mái hơn trong vận động. 2. Ưu điểm: ○ Chất vải mềm mại, trọng lượng nhẹ, không nhăn, dễ gấp gọn mang theo. ○ Kiểu dệt cho phép không khí lưu thông qua bề mặt vải [...]]]></description>
										<content:encoded><![CDATA[<p>1. Kiểu sản phẩm: Áo thun cổ tròn tay ngắn với phần raglan cao giúp áo vừa vặn, thoải mái hơn trong vận động.<br />
2. Ưu điểm:<br />
○ Chất vải mềm mại, trọng lượng nhẹ, không nhăn, dễ gấp gọn mang theo.<br />
○ Kiểu dệt cho phép không khí lưu thông qua bề mặt vải nhiều hơn giúp tăng khả năng thấm hút thoát ẩm, nhanh khô và thoáng mát.<br />
○ Chất liệu được xử lý hạn chế tối đa sự co rút, và giãn nhão duy trì hình dáng ban đầu sau nhiều lần giặt.<br />
3. Chất liệu: Vải Hexagon Polyester (100% Polyester)<br />
4. Kỹ thuật: In nhũ bạc, rã phối dịch chuyển đường may dưới cánh tay giúp cử động trong tập luyện dễ chịu hơn<br />
5. Phù hợp với ai: Phù hợp với mọi người, đặc biệt là khi tham gia các hoạt động thể thao hằng ngày.<br />
6. Thuộc Bộ Sưu Tập: Beginner thể thao cho người mới bắt đầu chơi thể thao hoặc tập thể dục, tập gym<br />
7. Các tên thường gọi hoặc tìm kiếm về sản phẩm này: Áo thun cổ tròn, áo thun tay ngắn, áo thun thể thao.</p>
]]></content:encoded>
					
					<wfw:commentRss>https://https://github.com/BaRoWoPt/TMDT_YAMIE.git/product/ao-thun-tron-vai-hexagon-polyester/feed/</wfw:commentRss>
			<slash:comments>0</slash:comments>
		
		
			</item>
	</channel>
</rss>
