<?xml version="1.0" encoding="UTF-8"?><rss version="2.0"
	xmlns:content="http://purl.org/rss/1.0/modules/content/"
	xmlns:dc="http://purl.org/dc/elements/1.1/"
	xmlns:atom="http://www.w3.org/2005/Atom"
	xmlns:sy="http://purl.org/rss/1.0/modules/syndication/"
	
	>
<channel>
	<title>
	Các bình luận về: Áo thun co giãn dáng rộng M139	</title>
	<atom:link href="https://https://github.com/BaRoWoPt/TMDT_YAMIE.git/product/ao-thun-co-gian-dang-rong-m139/feed/" rel="self" type="application/rss+xml" />
	<link>https://https://github.com/BaRoWoPt/TMDT_YAMIE.git/product/ao-thun-co-gian-dang-rong-m139/</link>
	<description>Quần áo đẹp</description>
	<lastBuildDate>Thu, 07 Nov 2024 06:48:17 +0000</lastBuildDate>
	<sy:updatePeriod>
	hourly	</sy:updatePeriod>
	<sy:updateFrequency>
	1	</sy:updateFrequency>
	<generator>https://wordpress.org/?v=6.6.2</generator>
</channel>
</rss>
