<?xml version="1.0" encoding="UTF-8"?><rss version="2.0"
	xmlns:content="http://purl.org/rss/1.0/modules/content/"
	xmlns:wfw="http://wellformedweb.org/CommentAPI/"
	xmlns:dc="http://purl.org/dc/elements/1.1/"
	xmlns:atom="http://www.w3.org/2005/Atom"
	xmlns:sy="http://purl.org/rss/1.0/modules/syndication/"
	xmlns:slash="http://purl.org/rss/1.0/modules/slash/"
	>

<channel>
	<title>Non Branded (Tối giản, Tiết kiệm) &#8211; Yamie Shop</title>
	<atom:link href="https://https://github.com/BaRoWoPt/TMDT_YAMIE.git/product-category/bo-suu-tap/non-branded-toi-gian-tiet-kiem/feed/" rel="self" type="application/rss+xml" />
	<link>https://https://github.com/BaRoWoPt/TMDT_YAMIE.git/</link>
	<description>Quần áo đẹp</description>
	<lastBuildDate>Mon, 04 Nov 2024 14:45:06 +0000</lastBuildDate>
	<language>vi</language>
	<sy:updatePeriod>
	hourly	</sy:updatePeriod>
	<sy:updateFrequency>
	1	</sy:updateFrequency>
	<generator>https://wordpress.org/?v=6.6.2</generator>

<image>
	<url>https://https://github.com/BaRoWoPt/TMDT_YAMIE.git/wp-content/uploads/2024/10/cropped-YAMIE-1-e1729149680715-32x32.png</url>
	<title>Non Branded (Tối giản, Tiết kiệm) &#8211; Yamie Shop</title>
	<link>https://https://github.com/BaRoWoPt/TMDT_YAMIE.git/</link>
	<width>32</width>
	<height>32</height>
</image> 
	<item>
		<title>Áo Polo Cổ Bẻ Tay Ngắn Sợi Nhân Tạo</title>
		<link>https://https://github.com/BaRoWoPt/TMDT_YAMIE.git/product/ao-polo-co-be-tay-ngan-soi-nhan-tao/</link>
					<comments>https://https://github.com/BaRoWoPt/TMDT_YAMIE.git/product/ao-polo-co-be-tay-ngan-soi-nhan-tao/#respond</comments>
		
		<dc:creator><![CDATA[hongngan]]></dc:creator>
		<pubDate>Sun, 03 Nov 2024 10:50:52 +0000</pubDate>
				<guid isPermaLink="false">https://https://github.com/BaRoWoPt/TMDT_YAMIE.git/?post_type=product#038;p=1159</guid>

					<description><![CDATA[1. Kiểu sản phẩm: Áo Polo Nam Tay Ngắn 2. Ưu điểm: • Chất liệu vải Pique mang đến cảm giác mềm mại, thoáng mát và bền bỉ. Co giãn 4 chiều tăng cường sự thoải mái và linh hoạt trong mọi chuyển động. • Thiết kế tay ngắn đơn giản bảng màu đa dạng [...]]]></description>
										<content:encoded><![CDATA[<p>1. Kiểu sản phẩm: Áo Polo Nam Tay Ngắn<br />
2. Ưu điểm:<br />
• Chất liệu vải Pique mang đến cảm giác mềm mại, thoáng mát và bền bỉ. Co giãn 4 chiều tăng cường sự thoải mái và linh hoạt trong mọi chuyển động.<br />
• Thiết kế tay ngắn đơn giản bảng màu đa dạng dễ dàng kết hợp với nhiều phong cách khác nhau, phù hợp với thời tiết nhiệt đới và các hoạt động hàng ngày.<br />
3. Chất liệu: Vải Pique 95% Polyester 5% Spandex<br />
4. Kỹ thuật: Đường may tỉ mỉ đảm bảo sản phẩm có độ bền cao và tính thẩm mỹ. Cổ áo cứng cáp được gia cố chắc chắn, giữ form dáng chuẩn chỉnh, giúp bạn luôn tự tin trong mọi hoàn cảnh.<br />
5. Phù hợp với ai: Nam giới yêu thích phong cách thời trang đơn giản, lịch lãm. Những người hoạt động thường xuyên và cần một chiếc áo thoải mái hoặc các chàng trai muốn có một item cơ bản nhưng không kém phần thời thượng trong tủ đồ.<br />
6. Thuộc Bộ Sưu Tập: NON BRANDED &#8211; Mang đến sự sang trọng tinh tế nhưng không quá phô trương.<br />
7. Các tên thường gọi hoặc tìm kiếm về sản phẩm này: Áo polo nam vải pique, Áo polo co giãn 4 chiều, Áo polo basic, Áo polo màu pastel, Áo polo nam cao cấp, Áo polo nam công sở</p>
]]></content:encoded>
					
					<wfw:commentRss>https://https://github.com/BaRoWoPt/TMDT_YAMIE.git/product/ao-polo-co-be-tay-ngan-soi-nhan-tao/feed/</wfw:commentRss>
			<slash:comments>0</slash:comments>
		
		
			</item>
		<item>
		<title>Áo Thun Cổ Tròn Vải Cotton 2 Chiều Thấm Hút</title>
		<link>https://https://github.com/BaRoWoPt/TMDT_YAMIE.git/product/ao-thun-co-tron-vai-cotton-2-chieu-tham-hut/</link>
					<comments>https://https://github.com/BaRoWoPt/TMDT_YAMIE.git/product/ao-thun-co-tron-vai-cotton-2-chieu-tham-hut/#respond</comments>
		
		<dc:creator><![CDATA[hongngan]]></dc:creator>
		<pubDate>Wed, 23 Oct 2024 14:50:59 +0000</pubDate>
				<guid isPermaLink="false">https://https://github.com/BaRoWoPt/TMDT_YAMIE.git/?post_type=product#038;p=947</guid>

					<description><![CDATA[1. Kiểu sản phẩm: Áo thun cổ tròn tay ngắn dáng rộng. 2. Ưu điểm: ● BST có 9 màu, đa dạng về màu sắc. Dễ dàng phối đồ và lựa chọn vào 1 ngày vội vã. ● Bên cạnh đó, chất liệu này thấm hút và thoát ẩm tốt, bề mặt vải mềm mại, [...]]]></description>
										<content:encoded><![CDATA[<p>1. Kiểu sản phẩm: Áo thun cổ tròn tay ngắn dáng rộng.<br />
2. Ưu điểm:<br />
● BST có 9 màu, đa dạng về màu sắc. Dễ dàng phối đồ và lựa chọn vào 1 ngày vội vã.<br />
● Bên cạnh đó, chất liệu này thấm hút và thoát ẩm tốt, bề mặt vải mềm mại, kiểm soát mùi, điều hòa nhiệt độ và thân thiện với môi trường.<br />
3. Chất liệu: Vải 100% Cotton.<br />
4. Kỹ thuật: Thêu đắp giống chừa rìa vải.<br />
5. Phù hợp với ai: phù hợp với người thích phong cách đơn giản, tinh tế nhưng vẫn có điểm nhấn nhẹ bằng kỹ thuật.<br />
6. Thuộc Bộ Sưu Tập nào: “No Style” &#8211; Bộ sưu tập này mang đến sự đa dạng trong phong cách, phù hợp với mọi gu thời trang, giúp bạn luôn nổi bật và độc đáo.<br />
7. Các tên thường gọi hoặc tìm kiếm về sản phẩm: Áo thun cổ tròn tay ngắn, áo thun dáng rộng, áo thun đơn giản, áo thun hình thêu.</p>
]]></content:encoded>
					
					<wfw:commentRss>https://https://github.com/BaRoWoPt/TMDT_YAMIE.git/product/ao-thun-co-tron-vai-cotton-2-chieu-tham-hut/feed/</wfw:commentRss>
			<slash:comments>0</slash:comments>
		
		
			</item>
		<item>
		<title>Áo Thun Cổ Tròn Tay Ngắn M44</title>
		<link>https://https://github.com/BaRoWoPt/TMDT_YAMIE.git/product/ao-thun-co-tron-tay-ngan-m44/</link>
					<comments>https://https://github.com/BaRoWoPt/TMDT_YAMIE.git/product/ao-thun-co-tron-tay-ngan-m44/#respond</comments>
		
		<dc:creator><![CDATA[giabao]]></dc:creator>
		<pubDate>Thu, 17 Oct 2024 14:49:43 +0000</pubDate>
				<guid isPermaLink="false">https://https://github.com/BaRoWoPt/TMDT_YAMIE.git/?post_type=product#038;p=598</guid>

					<description><![CDATA[1. Kiểu sản phẩm: Áo thun cổ tròn tay ngắn raglan, phối sọc, phong cách hiện đại. 2. Ưu điểm: ○ Áo giãn 4 chiều, thấm hút mồ hôi tốt. ○ Chất vải thoáng khí, hạn chế xù lông ○ Thiết kế trẻ trung, năng động với phần phối sọc trên cánh tay 3. Chất [...]]]></description>
										<content:encoded><![CDATA[<p>1. Kiểu sản phẩm: Áo thun cổ tròn tay ngắn raglan, phối sọc, phong cách hiện đại.<br />
2. Ưu điểm:<br />
○ Áo giãn 4 chiều, thấm hút mồ hôi tốt.<br />
○ Chất vải thoáng khí, hạn chế xù lông<br />
○ Thiết kế trẻ trung, năng động với phần phối sọc trên cánh tay<br />
3. Chất liệu: Vải Pique (95% Polyester 5% Spandex)<br />
4. Kỹ thuật: In dẻo, phối sọc ở tay tạo điểm nhấn cho sản phẩm.</p>
]]></content:encoded>
					
					<wfw:commentRss>https://https://github.com/BaRoWoPt/TMDT_YAMIE.git/product/ao-thun-co-tron-tay-ngan-m44/feed/</wfw:commentRss>
			<slash:comments>0</slash:comments>
		
		
			</item>
		<item>
		<title>Áo Thun Cổ Tròn Tay Ngắn M45</title>
		<link>https://https://github.com/BaRoWoPt/TMDT_YAMIE.git/product/ao-thun-co-tron-tay-ngan-m45/</link>
					<comments>https://https://github.com/BaRoWoPt/TMDT_YAMIE.git/product/ao-thun-co-tron-tay-ngan-m45/#respond</comments>
		
		<dc:creator><![CDATA[giabao]]></dc:creator>
		<pubDate>Thu, 17 Oct 2024 06:31:04 +0000</pubDate>
				<guid isPermaLink="false">https://https://github.com/BaRoWoPt/TMDT_YAMIE.git/?post_type=product#038;p=633</guid>

					<description><![CDATA[1. Kiểu sản phẩm: Áo thun cổ tròn tay ngắn dáng vừa 2. Ưu điểm: ● Thiết kế đơn giản và tinh tế mang phong cách tối giản. ● Màu sắc trung tính dễ dàng kết hợp với nhiều trang phục khác nhau. ● Logo nhỏ tinh tế ● Chất liệu thoải mái và linh [...]]]></description>
										<content:encoded><![CDATA[<p>1. Kiểu sản phẩm: Áo thun cổ tròn tay ngắn dáng vừa<br />
2. Ưu điểm:<br />
● Thiết kế đơn giản và tinh tế mang phong cách tối giản.<br />
● Màu sắc trung tính dễ dàng kết hợp với nhiều trang phục khác nhau.<br />
● Logo nhỏ tinh tế<br />
● Chất liệu thoải mái và linh hoạt khi mặc phù hợp cho việc mặc hàng ngày.<br />
3. Chất liệu: Vải Waffle với thành phần 95% Polyester và 5% Spandex, đảm bảo độ bền và khả năng co giãn tốt.<br />
4. Kỹ thuật: Thêu 2D tinh tế, tạo điểm nhấn độc đáo và sang trọng cho sản phẩm.</p>
]]></content:encoded>
					
					<wfw:commentRss>https://https://github.com/BaRoWoPt/TMDT_YAMIE.git/product/ao-thun-co-tron-tay-ngan-m45/feed/</wfw:commentRss>
			<slash:comments>0</slash:comments>
		
		
			</item>
		<item>
		<title>Áo Thun Cổ Tròn Vải Cá Sấu 4 Chiều</title>
		<link>https://https://github.com/BaRoWoPt/TMDT_YAMIE.git/product/ao-thun-co-tron-vai-ca-sau-4-chieu/</link>
					<comments>https://https://github.com/BaRoWoPt/TMDT_YAMIE.git/product/ao-thun-co-tron-vai-ca-sau-4-chieu/#respond</comments>
		
		<dc:creator><![CDATA[hongngan]]></dc:creator>
		<pubDate>Thu, 17 Oct 2024 06:25:24 +0000</pubDate>
				<guid isPermaLink="false">https://https://github.com/BaRoWoPt/TMDT_YAMIE.git/?post_type=product#038;p=599</guid>

					<description><![CDATA[1. Kiểu sản phẩm: Áo thun cổ tròn tay ngắn 2. Ưu điểm: ○ Thấm hút mồ hôi tốt ○ Nhanh khô , hạn chế nhăn ○ Co giãn linh hoạt nhờ thành phần Spandex ○ Phối màu tương phản: Sự kết hợp màu sắc giữa thân áo và tay áo tạo nên sự nổi [...]]]></description>
										<content:encoded><![CDATA[<p>1. Kiểu sản phẩm: Áo thun cổ tròn tay ngắn<br />
2. Ưu điểm:<br />
○ Thấm hút mồ hôi tốt<br />
○ Nhanh khô , hạn chế nhăn<br />
○ Co giãn linh hoạt nhờ thành phần Spandex<br />
○ Phối màu tương phản: Sự kết hợp màu sắc giữa thân áo và tay áo tạo nên sự nổi bật và thu hút.<br />
○ Thiết kế đơn giản, tinh tế: Logo nhỏ được in ở vị trí góc trên, không quá cầu kỳ nhưng vẫn đủ ấn tượng.<br />
○ Nhiều màu sắc: Sự đa dạng về màu sắc giúp khách hàng có nhiều lựa chọn phù hợp với phong cách của mình.<br />
3. Chất liệu: Poly 4C với tỷ lệ 95% Polyester và 5% Spandex<br />
4. Kỹ thuật: Áo có họa tiết in cao trên ngực và may dạng raglan phối màu, sử dụng bo cotton cùng màu vải chính làm cổ áo<br />
5. Phù hợp với ai: Phong cách unisex phù hợp cho mọi đối tượng<br />
6. Bộ Sưu Tập: Seventy Seven Collection , thời trang trung tính, dễ phối dễ lựa chọn<br />
7. Các Tên Thường Gọi: áo thun co giãn, áo unisex, ao thun tay raglan.</p>
]]></content:encoded>
					
					<wfw:commentRss>https://https://github.com/BaRoWoPt/TMDT_YAMIE.git/product/ao-thun-co-tron-vai-ca-sau-4-chieu/feed/</wfw:commentRss>
			<slash:comments>0</slash:comments>
		
		
			</item>
		<item>
		<title>Áo Thun Cổ Tròn Vải Cotton 2 Chiều Co Giãn</title>
		<link>https://https://github.com/BaRoWoPt/TMDT_YAMIE.git/product/ao-thun-co-tron-vai-cotton-2-chieu-co-gian/</link>
					<comments>https://https://github.com/BaRoWoPt/TMDT_YAMIE.git/product/ao-thun-co-tron-vai-cotton-2-chieu-co-gian/#respond</comments>
		
		<dc:creator><![CDATA[hongngan]]></dc:creator>
		<pubDate>Thu, 17 Oct 2024 06:19:36 +0000</pubDate>
				<guid isPermaLink="false">https://https://github.com/BaRoWoPt/TMDT_YAMIE.git/?post_type=product#038;p=584</guid>

					<description><![CDATA[1. Kiểu sản phẩm: Áo thun cổ tròn tay ngắn. 2. Ưu điểm: Áo có cấu trúc hút ẩm và thoát khí ưu việt, giúp bạn luôn khô ráo và thoải mái. Chất liệu co giãn 2 chiều mang lại sự linh hoạt và thoải mái khi vận động. 3. Chất liệu: Cotton Polyester 2S, [...]]]></description>
										<content:encoded><![CDATA[<p>1. Kiểu sản phẩm: Áo thun cổ tròn tay ngắn.<br />
2. Ưu điểm: Áo có cấu trúc hút ẩm và thoát khí ưu việt, giúp bạn luôn khô ráo và thoải mái. Chất liệu co giãn 2 chiều mang lại sự linh hoạt và thoải mái khi vận động.<br />
3. Chất liệu: Cotton Polyester 2S, thành phần 60% Cotton 40% Polyester<br />
4. Kỹ thuật: Áo được thiết kế với kỹ thuật in dẻo và in nổi, tạo ra các họa tiết và chữ in có độ bền cao và nổi bật. Phần vai áo được may viền gân trắng, tạo sự chắc chắn và tăng tính thẩm mỹ. Phần lai tay áo có thiết kế dây viền bảng to, giúp áo thêm phần chắc chắn và tạo phong cách riêng biệt. Dây viền này cũng giúp áo giữ form tốt hơn và tạo cảm giác thoải mái khi mặc.<br />
5. Phù hợp với ai: Áo phù hợp với những ai yêu thích phong cách đa dạng, chiếc áo này sẽ là lựa chọn hoàn hảo.<br />
6. Thuộc Bộ Sưu Tập nào: No Style &#8211; Đa dạng phong cách.<br />
7. Các tên thường gọi hoặc tìm kiếm về sản phẩm này: Áo thun cổ tròn, áo thun thể thao, áo thun tay ngắn cổ tròn, áo thun phối màu, áo thun in nổi.</p>
]]></content:encoded>
					
					<wfw:commentRss>https://https://github.com/BaRoWoPt/TMDT_YAMIE.git/product/ao-thun-co-tron-vai-cotton-2-chieu-co-gian/feed/</wfw:commentRss>
			<slash:comments>0</slash:comments>
		
		
			</item>
	</channel>
</rss>
