<?xml version="1.0" encoding="UTF-8"?><rss version="2.0"
	xmlns:content="http://purl.org/rss/1.0/modules/content/"
	xmlns:wfw="http://wellformedweb.org/CommentAPI/"
	xmlns:dc="http://purl.org/dc/elements/1.1/"
	xmlns:atom="http://www.w3.org/2005/Atom"
	xmlns:sy="http://purl.org/rss/1.0/modules/syndication/"
	xmlns:slash="http://purl.org/rss/1.0/modules/slash/"
	>

<channel>
	<title>Áo Thun Có Hình In &#8211; Yamie Shop</title>
	<atom:link href="https://https://github.com/BaRoWoPt/TMDT_YAMIE.git/product-category/ao-thun-nam-nu/ao-thun-co-hinh-in/feed/" rel="self" type="application/rss+xml" />
	<link>https://https://github.com/BaRoWoPt/TMDT_YAMIE.git/</link>
	<description>Quần áo đẹp</description>
	<lastBuildDate>Tue, 05 Nov 2024 12:32:27 +0000</lastBuildDate>
	<language>vi</language>
	<sy:updatePeriod>
	hourly	</sy:updatePeriod>
	<sy:updateFrequency>
	1	</sy:updateFrequency>
	<generator>https://wordpress.org/?v=6.6.2</generator>

<image>
	<url>https://https://github.com/BaRoWoPt/TMDT_YAMIE.git/wp-content/uploads/2024/10/cropped-YAMIE-1-e1729149680715-32x32.png</url>
	<title>Áo Thun Có Hình In &#8211; Yamie Shop</title>
	<link>https://https://github.com/BaRoWoPt/TMDT_YAMIE.git/</link>
	<width>32</width>
	<height>32</height>
</image> 
	<item>
		<title>Áo Thun Cổ Tròn Vải Cotton 2 Chiều Thấm Hút</title>
		<link>https://https://github.com/BaRoWoPt/TMDT_YAMIE.git/product/ao-thun-co-tron-vai-cotton-2-chieu-tham-hut/</link>
					<comments>https://https://github.com/BaRoWoPt/TMDT_YAMIE.git/product/ao-thun-co-tron-vai-cotton-2-chieu-tham-hut/#respond</comments>
		
		<dc:creator><![CDATA[hongngan]]></dc:creator>
		<pubDate>Wed, 23 Oct 2024 14:50:59 +0000</pubDate>
				<guid isPermaLink="false">https://https://github.com/BaRoWoPt/TMDT_YAMIE.git/?post_type=product#038;p=947</guid>

					<description><![CDATA[1. Kiểu sản phẩm: Áo thun cổ tròn tay ngắn dáng rộng. 2. Ưu điểm: ● BST có 9 màu, đa dạng về màu sắc. Dễ dàng phối đồ và lựa chọn vào 1 ngày vội vã. ● Bên cạnh đó, chất liệu này thấm hút và thoát ẩm tốt, bề mặt vải mềm mại, [...]]]></description>
										<content:encoded><![CDATA[<p>1. Kiểu sản phẩm: Áo thun cổ tròn tay ngắn dáng rộng.<br />
2. Ưu điểm:<br />
● BST có 9 màu, đa dạng về màu sắc. Dễ dàng phối đồ và lựa chọn vào 1 ngày vội vã.<br />
● Bên cạnh đó, chất liệu này thấm hút và thoát ẩm tốt, bề mặt vải mềm mại, kiểm soát mùi, điều hòa nhiệt độ và thân thiện với môi trường.<br />
3. Chất liệu: Vải 100% Cotton.<br />
4. Kỹ thuật: Thêu đắp giống chừa rìa vải.<br />
5. Phù hợp với ai: phù hợp với người thích phong cách đơn giản, tinh tế nhưng vẫn có điểm nhấn nhẹ bằng kỹ thuật.<br />
6. Thuộc Bộ Sưu Tập nào: “No Style” &#8211; Bộ sưu tập này mang đến sự đa dạng trong phong cách, phù hợp với mọi gu thời trang, giúp bạn luôn nổi bật và độc đáo.<br />
7. Các tên thường gọi hoặc tìm kiếm về sản phẩm: Áo thun cổ tròn tay ngắn, áo thun dáng rộng, áo thun đơn giản, áo thun hình thêu.</p>
]]></content:encoded>
					
					<wfw:commentRss>https://https://github.com/BaRoWoPt/TMDT_YAMIE.git/product/ao-thun-co-tron-vai-cotton-2-chieu-tham-hut/feed/</wfw:commentRss>
			<slash:comments>0</slash:comments>
		
		
			</item>
		<item>
		<title>Áo Thun Cổ Tròn Vải Suede Fabric</title>
		<link>https://https://github.com/BaRoWoPt/TMDT_YAMIE.git/product/ao-thun-co-tron-vai-suede-fabric/</link>
					<comments>https://https://github.com/BaRoWoPt/TMDT_YAMIE.git/product/ao-thun-co-tron-vai-suede-fabric/#respond</comments>
		
		<dc:creator><![CDATA[hongngan]]></dc:creator>
		<pubDate>Thu, 17 Oct 2024 06:38:26 +0000</pubDate>
				<guid isPermaLink="false">https://https://github.com/BaRoWoPt/TMDT_YAMIE.git/?post_type=product#038;p=651</guid>

					<description><![CDATA[1. Kiểu sản phẩm: Áo thun tay ngắn cổ tròn. 2. Ưu điểm: • Vải mang đến cảm giác mềm mại, mịn màng, thoáng mát và co giãn tốt. • Form rộng, cổ tròn, kết hợp với slogan ấn tượng tạo nên phong cách thời trang hiện đại. • Dễ dàng phối đồ với nhiều [...]]]></description>
										<content:encoded><![CDATA[<p>1. Kiểu sản phẩm: Áo thun tay ngắn cổ tròn.<br />
2. Ưu điểm:<br />
• Vải mang đến cảm giác mềm mại, mịn màng, thoáng mát và co giãn tốt.<br />
• Form rộng, cổ tròn, kết hợp với slogan ấn tượng tạo nên phong cách thời trang hiện đại.<br />
• Dễ dàng phối đồ với nhiều kiểu quần, phù hợp với nhiều phong cách khác nhau.<br />
3. Chất liệu: Vải thun da lộn (Suede Fabric) 95% Polyester và 5% Spandex.<br />
4. Kỹ thuật: Chữ thêu 2D trước ngực với thông điệp “LIFE ISN’T PERFECT BUT YOUR OUTFIT CAN BE” tạo điểm nhấn rất ấn tượng cho áo. Thiết kế này không chỉ mang lại vẻ ngoài thời trang mà còn truyền tải một thông điệp tích cực.<br />
5. Phù hợp với ai: Thiết kế trẻ trung, năng động, phù hợp với phong cách thời trang hiện đại, những người yêu thích sự thoải mái.<br />
Những người cá tính: Slogan độc đáo giúp bạn thể hiện cá tính riêng.<br />
6. Thuộc Bộ Sưu Tập nào: No Style &#8211; Một bộ sưu tập thời trang phá cách, không giới hạn, mang đến nhiều lựa chọn cho người mặc.<br />
7. Các tên thường gọi hoặc tìm kiếm về sản phẩm này: Áo thun oversize, áo thun vải da lộn, áo thun unisex, áo thun màu xám đậm.</p>
]]></content:encoded>
					
					<wfw:commentRss>https://https://github.com/BaRoWoPt/TMDT_YAMIE.git/product/ao-thun-co-tron-vai-suede-fabric/feed/</wfw:commentRss>
			<slash:comments>0</slash:comments>
		
		
			</item>
		<item>
		<title>Áo Thun Cổ Tròn Vải Cotton Compact 2 Chiều</title>
		<link>https://https://github.com/BaRoWoPt/TMDT_YAMIE.git/product/ao-thun-co-tron-vai-cotton-compact-2-chieu/</link>
					<comments>https://https://github.com/BaRoWoPt/TMDT_YAMIE.git/product/ao-thun-co-tron-vai-cotton-compact-2-chieu/#respond</comments>
		
		<dc:creator><![CDATA[hongngan]]></dc:creator>
		<pubDate>Thu, 17 Oct 2024 06:30:40 +0000</pubDate>
				<guid isPermaLink="false">https://https://github.com/BaRoWoPt/TMDT_YAMIE.git/?post_type=product#038;p=631</guid>

					<description><![CDATA[Chất liệu :Cotton Compact 2S Thành phần: 100% Cotton &#8211; Thấm hút &#8211; Thoát ẩm tốt &#8211; Bề mặt mềm mại &#8211; Kiểm soát mùi &#8211; Điều hòa nhiệt &#8211; Thân thiện với môi trường + Kỹ thuật: Thêu 2D]]></description>
										<content:encoded><![CDATA[<p>Chất liệu :Cotton Compact 2S<br />
Thành phần: 100% Cotton<br />
&#8211; Thấm hút<br />
&#8211; Thoát ẩm tốt<br />
&#8211; Bề mặt mềm mại<br />
&#8211; Kiểm soát mùi<br />
&#8211; Điều hòa nhiệt<br />
&#8211; Thân thiện với môi trường<br />
+ Kỹ thuật: Thêu 2D</p>
]]></content:encoded>
					
					<wfw:commentRss>https://https://github.com/BaRoWoPt/TMDT_YAMIE.git/product/ao-thun-co-tron-vai-cotton-compact-2-chieu/feed/</wfw:commentRss>
			<slash:comments>0</slash:comments>
		
		
			</item>
		<item>
		<title>Áo Thun Cổ Tròn Vải Cá Sấu 4 Chiều</title>
		<link>https://https://github.com/BaRoWoPt/TMDT_YAMIE.git/product/ao-thun-co-tron-vai-ca-sau-4-chieu/</link>
					<comments>https://https://github.com/BaRoWoPt/TMDT_YAMIE.git/product/ao-thun-co-tron-vai-ca-sau-4-chieu/#respond</comments>
		
		<dc:creator><![CDATA[hongngan]]></dc:creator>
		<pubDate>Thu, 17 Oct 2024 06:25:24 +0000</pubDate>
				<guid isPermaLink="false">https://https://github.com/BaRoWoPt/TMDT_YAMIE.git/?post_type=product#038;p=599</guid>

					<description><![CDATA[1. Kiểu sản phẩm: Áo thun cổ tròn tay ngắn 2. Ưu điểm: ○ Thấm hút mồ hôi tốt ○ Nhanh khô , hạn chế nhăn ○ Co giãn linh hoạt nhờ thành phần Spandex ○ Phối màu tương phản: Sự kết hợp màu sắc giữa thân áo và tay áo tạo nên sự nổi [...]]]></description>
										<content:encoded><![CDATA[<p>1. Kiểu sản phẩm: Áo thun cổ tròn tay ngắn<br />
2. Ưu điểm:<br />
○ Thấm hút mồ hôi tốt<br />
○ Nhanh khô , hạn chế nhăn<br />
○ Co giãn linh hoạt nhờ thành phần Spandex<br />
○ Phối màu tương phản: Sự kết hợp màu sắc giữa thân áo và tay áo tạo nên sự nổi bật và thu hút.<br />
○ Thiết kế đơn giản, tinh tế: Logo nhỏ được in ở vị trí góc trên, không quá cầu kỳ nhưng vẫn đủ ấn tượng.<br />
○ Nhiều màu sắc: Sự đa dạng về màu sắc giúp khách hàng có nhiều lựa chọn phù hợp với phong cách của mình.<br />
3. Chất liệu: Poly 4C với tỷ lệ 95% Polyester và 5% Spandex<br />
4. Kỹ thuật: Áo có họa tiết in cao trên ngực và may dạng raglan phối màu, sử dụng bo cotton cùng màu vải chính làm cổ áo<br />
5. Phù hợp với ai: Phong cách unisex phù hợp cho mọi đối tượng<br />
6. Bộ Sưu Tập: Seventy Seven Collection , thời trang trung tính, dễ phối dễ lựa chọn<br />
7. Các Tên Thường Gọi: áo thun co giãn, áo unisex, ao thun tay raglan.</p>
]]></content:encoded>
					
					<wfw:commentRss>https://https://github.com/BaRoWoPt/TMDT_YAMIE.git/product/ao-thun-co-tron-vai-ca-sau-4-chieu/feed/</wfw:commentRss>
			<slash:comments>0</slash:comments>
		
		
			</item>
		<item>
		<title>Áo Thun Cổ Tròn Vải Cotton 2 Chiều Co Giãn</title>
		<link>https://https://github.com/BaRoWoPt/TMDT_YAMIE.git/product/ao-thun-co-tron-vai-cotton-2-chieu-co-gian/</link>
					<comments>https://https://github.com/BaRoWoPt/TMDT_YAMIE.git/product/ao-thun-co-tron-vai-cotton-2-chieu-co-gian/#respond</comments>
		
		<dc:creator><![CDATA[hongngan]]></dc:creator>
		<pubDate>Thu, 17 Oct 2024 06:19:36 +0000</pubDate>
				<guid isPermaLink="false">https://https://github.com/BaRoWoPt/TMDT_YAMIE.git/?post_type=product#038;p=584</guid>

					<description><![CDATA[1. Kiểu sản phẩm: Áo thun cổ tròn tay ngắn. 2. Ưu điểm: Áo có cấu trúc hút ẩm và thoát khí ưu việt, giúp bạn luôn khô ráo và thoải mái. Chất liệu co giãn 2 chiều mang lại sự linh hoạt và thoải mái khi vận động. 3. Chất liệu: Cotton Polyester 2S, [...]]]></description>
										<content:encoded><![CDATA[<p>1. Kiểu sản phẩm: Áo thun cổ tròn tay ngắn.<br />
2. Ưu điểm: Áo có cấu trúc hút ẩm và thoát khí ưu việt, giúp bạn luôn khô ráo và thoải mái. Chất liệu co giãn 2 chiều mang lại sự linh hoạt và thoải mái khi vận động.<br />
3. Chất liệu: Cotton Polyester 2S, thành phần 60% Cotton 40% Polyester<br />
4. Kỹ thuật: Áo được thiết kế với kỹ thuật in dẻo và in nổi, tạo ra các họa tiết và chữ in có độ bền cao và nổi bật. Phần vai áo được may viền gân trắng, tạo sự chắc chắn và tăng tính thẩm mỹ. Phần lai tay áo có thiết kế dây viền bảng to, giúp áo thêm phần chắc chắn và tạo phong cách riêng biệt. Dây viền này cũng giúp áo giữ form tốt hơn và tạo cảm giác thoải mái khi mặc.<br />
5. Phù hợp với ai: Áo phù hợp với những ai yêu thích phong cách đa dạng, chiếc áo này sẽ là lựa chọn hoàn hảo.<br />
6. Thuộc Bộ Sưu Tập nào: No Style &#8211; Đa dạng phong cách.<br />
7. Các tên thường gọi hoặc tìm kiếm về sản phẩm này: Áo thun cổ tròn, áo thun thể thao, áo thun tay ngắn cổ tròn, áo thun phối màu, áo thun in nổi.</p>
]]></content:encoded>
					
					<wfw:commentRss>https://https://github.com/BaRoWoPt/TMDT_YAMIE.git/product/ao-thun-co-tron-vai-cotton-2-chieu-co-gian/feed/</wfw:commentRss>
			<slash:comments>0</slash:comments>
		
		
			</item>
	</channel>
</rss>
