<?xml version="1.0" encoding="UTF-8"?><rss version="2.0"
	xmlns:content="http://purl.org/rss/1.0/modules/content/"
	xmlns:wfw="http://wellformedweb.org/CommentAPI/"
	xmlns:dc="http://purl.org/dc/elements/1.1/"
	xmlns:atom="http://www.w3.org/2005/Atom"
	xmlns:sy="http://purl.org/rss/1.0/modules/syndication/"
	xmlns:slash="http://purl.org/rss/1.0/modules/slash/"
	>

<channel>
	<title>Premium (Dáng Chuẩn, Vải Xịn) &#8211; Yamie Shop</title>
	<atom:link href="https://https://github.com/BaRoWoPt/TMDT_YAMIE.git/product-category/bo-suu-tap/premium-dang-chuan-vai-xin/feed/" rel="self" type="application/rss+xml" />
	<link>https://https://github.com/BaRoWoPt/TMDT_YAMIE.git/</link>
	<description>Quần áo đẹp</description>
	<lastBuildDate>Thu, 07 Nov 2024 06:48:17 +0000</lastBuildDate>
	<language>vi</language>
	<sy:updatePeriod>
	hourly	</sy:updatePeriod>
	<sy:updateFrequency>
	1	</sy:updateFrequency>
	<generator>https://wordpress.org/?v=6.6.2</generator>

<image>
	<url>https://https://github.com/BaRoWoPt/TMDT_YAMIE.git/wp-content/uploads/2024/10/cropped-YAMIE-1-e1729149680715-32x32.png</url>
	<title>Premium (Dáng Chuẩn, Vải Xịn) &#8211; Yamie Shop</title>
	<link>https://https://github.com/BaRoWoPt/TMDT_YAMIE.git/</link>
	<width>32</width>
	<height>32</height>
</image> 
	<item>
		<title>Áo Thun Cổ Tròn Vải Cotton Compact 2 Chiều</title>
		<link>https://https://github.com/BaRoWoPt/TMDT_YAMIE.git/product/ao-thun-co-tron-vai-cotton-compact-2-chieu/</link>
					<comments>https://https://github.com/BaRoWoPt/TMDT_YAMIE.git/product/ao-thun-co-tron-vai-cotton-compact-2-chieu/#respond</comments>
		
		<dc:creator><![CDATA[hongngan]]></dc:creator>
		<pubDate>Thu, 17 Oct 2024 06:30:40 +0000</pubDate>
				<guid isPermaLink="false">https://https://github.com/BaRoWoPt/TMDT_YAMIE.git/?post_type=product#038;p=631</guid>

					<description><![CDATA[Chất liệu :Cotton Compact 2S Thành phần: 100% Cotton &#8211; Thấm hút &#8211; Thoát ẩm tốt &#8211; Bề mặt mềm mại &#8211; Kiểm soát mùi &#8211; Điều hòa nhiệt &#8211; Thân thiện với môi trường + Kỹ thuật: Thêu 2D]]></description>
										<content:encoded><![CDATA[<p>Chất liệu :Cotton Compact 2S<br />
Thành phần: 100% Cotton<br />
&#8211; Thấm hút<br />
&#8211; Thoát ẩm tốt<br />
&#8211; Bề mặt mềm mại<br />
&#8211; Kiểm soát mùi<br />
&#8211; Điều hòa nhiệt<br />
&#8211; Thân thiện với môi trường<br />
+ Kỹ thuật: Thêu 2D</p>
]]></content:encoded>
					
					<wfw:commentRss>https://https://github.com/BaRoWoPt/TMDT_YAMIE.git/product/ao-thun-co-tron-vai-cotton-compact-2-chieu/feed/</wfw:commentRss>
			<slash:comments>0</slash:comments>
		
		
			</item>
		<item>
		<title>Áo Thun Cổ Tròn Tay Ngắn Dáng Rộng Seventy Seven</title>
		<link>https://https://github.com/BaRoWoPt/TMDT_YAMIE.git/product/ao-thun-co-tron-tay-ngan-dang-rong-seventy-seven/</link>
					<comments>https://https://github.com/BaRoWoPt/TMDT_YAMIE.git/product/ao-thun-co-tron-tay-ngan-dang-rong-seventy-seven/#respond</comments>
		
		<dc:creator><![CDATA[giabao]]></dc:creator>
		<pubDate>Thu, 17 Oct 2024 06:19:25 +0000</pubDate>
				<guid isPermaLink="false">https://https://github.com/BaRoWoPt/TMDT_YAMIE.git/?post_type=product#038;p=538</guid>

					<description><![CDATA[1. Kiểu sản phẩm: Áo thun cổ tròn tay ngắn 2. Ưu điểm: ○ Trọng lượng nhẹ, tạo cảm giác thoải mái khi mặc ○ Chất liệu co giãn 4 chiều, giúp dễ dàng vận động mà không bị gò bó ○ Thiết kế in cao cấp, mang lại vẻ ngoài thời trang và hiện [...]]]></description>
										<content:encoded><![CDATA[<p>1. Kiểu sản phẩm: Áo thun cổ tròn tay ngắn<br />
2. Ưu điểm:<br />
○ Trọng lượng nhẹ, tạo cảm giác thoải mái khi mặc<br />
○ Chất liệu co giãn 4 chiều, giúp dễ dàng vận động mà không bị gò bó<br />
○ Thiết kế in cao cấp, mang lại vẻ ngoài thời trang và hiện đại<br />
○ Dễ dàng phối đồ với nhiều trang phục khác nhau, từ quần jeans đến quần short<br />
○ Thấm hút mồ hôi tốt, giữ cho cơ thể luôn khô ráo và thoáng mát<br />
3. Chất liệu: 92% Cotton, 8% Spandex; Cotton 4 chiều. Có 10 màu áo trung tính<br />
4. Kỹ thuật: In cao, phối dây viền gân thun khác màu dọc vai, sử dụng bo cotton cùng màu làm cổ áo<br />
5. Phù hợp với ai: Những người yêu thích thời trang thoải mái và phong cách, phù hợp cho cả nam và nữ<br />
6. Thuộc Bộ Sưu Tập nào: Bộ sưu tập ‘Seventy Seven’, thời trang trung tính, dễ phối dễ lựa chọn<br />
7. Các tên thường gọi hoặc tên thường người dùng tìm kiếm trên các kênh thương mại điện tử: áo thun cổ tròn, áo thun co giãn, áo thun thời trang, áo thun nam nữ, áo thun in cao cấp.</p>
]]></content:encoded>
					
					<wfw:commentRss>https://https://github.com/BaRoWoPt/TMDT_YAMIE.git/product/ao-thun-co-tron-tay-ngan-dang-rong-seventy-seven/feed/</wfw:commentRss>
			<slash:comments>0</slash:comments>
		
		
			</item>
		<item>
		<title>Áo Thun Ba Lỗ Vải Waffle</title>
		<link>https://https://github.com/BaRoWoPt/TMDT_YAMIE.git/product/ao-thun-ba-lo-vai-waffle/</link>
					<comments>https://https://github.com/BaRoWoPt/TMDT_YAMIE.git/product/ao-thun-ba-lo-vai-waffle/#respond</comments>
		
		<dc:creator><![CDATA[hongngan]]></dc:creator>
		<pubDate>Thu, 17 Oct 2024 06:13:35 +0000</pubDate>
				<guid isPermaLink="false">https://https://github.com/BaRoWoPt/TMDT_YAMIE.git/?post_type=product#038;p=545</guid>

					<description><![CDATA[1. Kiểu sản phẩm: Áo thun ba lỗ cổ tròn basic 2. Ưu điểm nổi bật : Áo ba lỗ thiết kế thông minh, chất liệu co giãn 2 chiều thoáng mát, nách rộng thoải mái, hoàn hảo cho những hoạt động trong thời tiết nóng bức 3. Chất liệu: Waffle 100%Polyester 4. Kỹ thuật [...]]]></description>
										<content:encoded><![CDATA[<p>1. Kiểu sản phẩm: Áo thun ba lỗ cổ tròn basic<br />
2. Ưu điểm nổi bật : Áo ba lỗ thiết kế thông minh, chất liệu co giãn 2 chiều thoáng mát, nách rộng thoải mái, hoàn hảo cho những hoạt động trong thời tiết nóng bức<br />
3. Chất liệu: Waffle 100%Polyester<br />
4. Kỹ thuật may : Đường may viền chắc chắn, tinh tế, tăng cường độ bền cho sản phẩm.<br />
5. Phù hợp với ai : Phù hợp với mọi đối tượng, đặc biệt là những người yêu thích phong cách đơn giản, năng động. Thích hợp mặc đi làm, đi chơi, tập gym, hoặc mặc ở nhà.<br />
6. Thuộc bộ sưu tập: Non Branded đơn giản nhưng không kém phần thời trang.<br />
7. Các tên gọi hoặc từ khóa tìm kiếm : Áo thun ba lỗ nam, Áo tank top nam, Áo thun waffle, Áo thun tổ ong, Áo thun basic, Áo thun thể thao, Áo thun nam cao cấp</p>
]]></content:encoded>
					
					<wfw:commentRss>https://https://github.com/BaRoWoPt/TMDT_YAMIE.git/product/ao-thun-ba-lo-vai-waffle/feed/</wfw:commentRss>
			<slash:comments>0</slash:comments>
		
		
			</item>
		<item>
		<title>Áo Thun Trơn Công Nghệ Cool Touch</title>
		<link>https://https://github.com/BaRoWoPt/TMDT_YAMIE.git/product/ao-thun-tron-cong-nghe-cool-touch/</link>
					<comments>https://https://github.com/BaRoWoPt/TMDT_YAMIE.git/product/ao-thun-tron-cong-nghe-cool-touch/#respond</comments>
		
		<dc:creator><![CDATA[hongngan]]></dc:creator>
		<pubDate>Thu, 17 Oct 2024 06:06:30 +0000</pubDate>
				<guid isPermaLink="false">https://https://github.com/BaRoWoPt/TMDT_YAMIE.git/?post_type=product#038;p=517</guid>

					<description><![CDATA[1.Kiểu sản phẩm: Áo thun cổ tròn tay ngắn dáng vừa 2.Ưu điểm: ● Mặc mát thoáng khí vải siêu mềm mịn, dễ chịu khi mặc. ● Co giãn cực thoải mái thân thiện với môi trường . ● Công nghệ Cool Touch, hay còn gọi là công nghệ làm mát, là một phương pháp [...]]]></description>
										<content:encoded><![CDATA[<p>1.Kiểu sản phẩm: Áo thun cổ tròn tay ngắn dáng vừa<br />
2.Ưu điểm:<br />
● Mặc mát thoáng khí vải siêu mềm mịn, dễ chịu khi mặc.<br />
● Co giãn cực thoải mái thân thiện với môi trường .<br />
● Công nghệ Cool Touch, hay còn gọi là công nghệ làm mát, là một phương pháp xử lý vải giúp vải có khả năng thoát nhiệt tốt hơn.<br />
● Khi bạn mặc quần áo làm từ vải Cool Touch, cơ thể sẽ cảm thấy mát mẻ hơn vì vải có khả năng hấp thụ và thoát mồ hôi nhanh chóng, đồng thời giúp làm giảm nhiệt độ bề mặt da.<br />
3.Chất liệu: Thun 4 Chiều, 92% Cotton, 8% Spandex<br />
4.Kỹ thuật: May phối miếng đắp dệt bên sườn<br />
5.Phù hợp với ai: Phù hợp cho mọi lứa tuổi, đặc biệt là những người yêu thích phong cách năng động và thoải mái<br />
6. Bộ Sưu Tập : Cool Touch &#8211; Mát Mẻ Thảnh Thơi &#8211; Sáng Khoái Mùa Hè &#8211; Áo Mát Lý Tưởng<br />
7.Các Tên Thường Gọi : Áo thun nam, áo thun cotton, áo thun co giãn, áo thun thời trang, áo thun cổ tròn, áo thun tay ngắn.</p>
]]></content:encoded>
					
					<wfw:commentRss>https://https://github.com/BaRoWoPt/TMDT_YAMIE.git/product/ao-thun-tron-cong-nghe-cool-touch/feed/</wfw:commentRss>
			<slash:comments>0</slash:comments>
		
		
			</item>
		<item>
		<title>Áo thun co giãn dáng rộng M139</title>
		<link>https://https://github.com/BaRoWoPt/TMDT_YAMIE.git/product/ao-thun-co-gian-dang-rong-m139/</link>
					<comments>https://https://github.com/BaRoWoPt/TMDT_YAMIE.git/product/ao-thun-co-gian-dang-rong-m139/#respond</comments>
		
		<dc:creator><![CDATA[giabao]]></dc:creator>
		<pubDate>Thu, 17 Oct 2024 06:00:55 +0000</pubDate>
				<guid isPermaLink="false">https://https://github.com/BaRoWoPt/TMDT_YAMIE.git/?post_type=product#038;p=459</guid>

					<description><![CDATA[Áo Thun Cổ Tròn Tay Ngắn Vải Cotton 2 Chiều Co Giãn Biểu Tượng Dáng Rộng Giá Tốt No Style M139 Vol 24 Kiểu sản phẩm: Áo thun cổ tròn tay ngắn. Ưu điểm: Áo có cấu trúc hút ẩm và thoát khí ưu việt, giúp bạn luôn khô ráo và thoải mái. Chất liệu [...]]]></description>
										<content:encoded><![CDATA[<div class="col-12"><strong><span class="productName">Áo Thun Cổ Tròn Tay Ngắn Vải Cotton 2 Chiều Co Giãn Biểu Tượng Dáng Rộng Giá Tốt No Style M139 Vol 24</span></strong></div>
<div class="col-12">
<ol>
<li id="moTaSanPham">Kiểu sản phẩm: Áo thun cổ tròn tay ngắn.</li>
<li>Ưu điểm: Áo có cấu trúc hút ẩm và thoát khí ưu việt, giúp bạn luôn khô ráo và thoải mái. Chất liệu co giãn 2 chiều mang lại sự linh hoạt và thoải mái khi vận động.</li>
<li style="text-align: left;">Chất liệu: Cotton Polyester 2S, thành phần 60% Cotton 40% Polyester</li>
</ol>
</div>
]]></content:encoded>
					
					<wfw:commentRss>https://https://github.com/BaRoWoPt/TMDT_YAMIE.git/product/ao-thun-co-gian-dang-rong-m139/feed/</wfw:commentRss>
			<slash:comments>0</slash:comments>
		
		
			</item>
		<item>
		<title>Áo vải tay dài Vinizury</title>
		<link>https://https://github.com/BaRoWoPt/TMDT_YAMIE.git/product/ao-vai-tay-dai-vinizury/</link>
					<comments>https://https://github.com/BaRoWoPt/TMDT_YAMIE.git/product/ao-vai-tay-dai-vinizury/#respond</comments>
		
		<dc:creator><![CDATA[minhdat]]></dc:creator>
		<pubDate>Thu, 17 Oct 2024 05:59:08 +0000</pubDate>
				<guid isPermaLink="false">https://https://github.com/BaRoWoPt/TMDT_YAMIE.git/?post_type=product#038;p=458</guid>

					<description><![CDATA[1. Kiểu sản phẩm: Áo Thun cổ tròn tay dài hoặc áo Sweater . 2. Ưu điểm: Chiếc áo này, dù mang thiết kế đơn giản, nhưng nhờ kỹ thuật thêu 3D chuyển màu tinh tế, trở nên độc đáo và cuốn hút hơn. Nó phù hợp cho mọi chuyến du lịch, dù là trong [...]]]></description>
										<content:encoded><![CDATA[<p>1. Kiểu sản phẩm: Áo Thun cổ tròn tay dài hoặc áo Sweater .<br />
2. Ưu điểm: Chiếc áo này, dù mang thiết kế đơn giản, nhưng nhờ kỹ thuật thêu 3D chuyển màu tinh tế, trở nên độc đáo và cuốn hút hơn. Nó phù hợp cho mọi chuyến du lịch, dù là trong thời tiết nắng hay lạnh, và thích hợp cho cả những buổi đi chơi, đi học hay tham dự tiệc tùng.<br />
3. Chất liệu: Vải Minizury. Thành phần: 94% Cotton 6% Spandex.<br />
4. Kỹ thuật: Thêu 3D chuyển màu và nhãn ép PU Metalic lazer.<br />
5. Phù hợp với ai: Phù hợp với người đi du lịch leo núi, hay đi biển, sáng gặp nắng, tối gặp gió, cần sự che chắn tốt, không bị ngoại cảnh, côn trùng xâm hại. Những người thích mặc đơn giản che tay.<br />
6. Thuộc Bộ Sưu Tập nào: “No Style” khơi dậy cảm hứng để bạn tự do thể hiện cá tính độc đáo của mình, dễ dàng phối hợp với nhiều trang phục khác, phù hợp cho mọi hoàn cảnh.<br />
7. Các tên thường gọi hoặc tìm kiếm về sản phẩm: Embroidered sweatshirt, Originals sweatshirt, Crewneck sweatshirt, Casual pullover, Unisex sweatshirt, Minimalist sweatshirt, Áo thun dài tay, Áo sweatshirt, Áo sweater, Áo nỉ chui đầu, Áo nỉ không mũ.</p>
]]></content:encoded>
					
					<wfw:commentRss>https://https://github.com/BaRoWoPt/TMDT_YAMIE.git/product/ao-vai-tay-dai-vinizury/feed/</wfw:commentRss>
			<slash:comments>0</slash:comments>
		
		
			</item>
	</channel>
</rss>
