<?xml version="1.0" encoding="UTF-8"?><rss version="2.0"
	xmlns:content="http://purl.org/rss/1.0/modules/content/"
	xmlns:wfw="http://wellformedweb.org/CommentAPI/"
	xmlns:dc="http://purl.org/dc/elements/1.1/"
	xmlns:atom="http://www.w3.org/2005/Atom"
	xmlns:sy="http://purl.org/rss/1.0/modules/syndication/"
	xmlns:slash="http://purl.org/rss/1.0/modules/slash/"
	>

<channel>
	<title>Áo Thun Dáng Rộng &#8211; Yamie Shop</title>
	<atom:link href="https://https://github.com/BaRoWoPt/TMDT_YAMIE.git/product-category/ao-thun-nam-nu/ao-thun-dang-rong/feed/" rel="self" type="application/rss+xml" />
	<link>https://https://github.com/BaRoWoPt/TMDT_YAMIE.git/</link>
	<description>Quần áo đẹp</description>
	<lastBuildDate>Thu, 07 Nov 2024 06:48:17 +0000</lastBuildDate>
	<language>vi</language>
	<sy:updatePeriod>
	hourly	</sy:updatePeriod>
	<sy:updateFrequency>
	1	</sy:updateFrequency>
	<generator>https://wordpress.org/?v=6.6.2</generator>

<image>
	<url>https://https://github.com/BaRoWoPt/TMDT_YAMIE.git/wp-content/uploads/2024/10/cropped-YAMIE-1-e1729149680715-32x32.png</url>
	<title>Áo Thun Dáng Rộng &#8211; Yamie Shop</title>
	<link>https://https://github.com/BaRoWoPt/TMDT_YAMIE.git/</link>
	<width>32</width>
	<height>32</height>
</image> 
	<item>
		<title>Áo Thun Cổ Tròn Tay Ngắn M44</title>
		<link>https://https://github.com/BaRoWoPt/TMDT_YAMIE.git/product/ao-thun-co-tron-tay-ngan-m44/</link>
					<comments>https://https://github.com/BaRoWoPt/TMDT_YAMIE.git/product/ao-thun-co-tron-tay-ngan-m44/#respond</comments>
		
		<dc:creator><![CDATA[giabao]]></dc:creator>
		<pubDate>Thu, 17 Oct 2024 14:49:43 +0000</pubDate>
				<guid isPermaLink="false">https://https://github.com/BaRoWoPt/TMDT_YAMIE.git/?post_type=product#038;p=598</guid>

					<description><![CDATA[1. Kiểu sản phẩm: Áo thun cổ tròn tay ngắn raglan, phối sọc, phong cách hiện đại. 2. Ưu điểm: ○ Áo giãn 4 chiều, thấm hút mồ hôi tốt. ○ Chất vải thoáng khí, hạn chế xù lông ○ Thiết kế trẻ trung, năng động với phần phối sọc trên cánh tay 3. Chất [...]]]></description>
										<content:encoded><![CDATA[<p>1. Kiểu sản phẩm: Áo thun cổ tròn tay ngắn raglan, phối sọc, phong cách hiện đại.<br />
2. Ưu điểm:<br />
○ Áo giãn 4 chiều, thấm hút mồ hôi tốt.<br />
○ Chất vải thoáng khí, hạn chế xù lông<br />
○ Thiết kế trẻ trung, năng động với phần phối sọc trên cánh tay<br />
3. Chất liệu: Vải Pique (95% Polyester 5% Spandex)<br />
4. Kỹ thuật: In dẻo, phối sọc ở tay tạo điểm nhấn cho sản phẩm.</p>
]]></content:encoded>
					
					<wfw:commentRss>https://https://github.com/BaRoWoPt/TMDT_YAMIE.git/product/ao-thun-co-tron-tay-ngan-m44/feed/</wfw:commentRss>
			<slash:comments>0</slash:comments>
		
		
			</item>
		<item>
		<title>Áo Thun Cổ Tròn Tay Ngắn M45</title>
		<link>https://https://github.com/BaRoWoPt/TMDT_YAMIE.git/product/ao-thun-co-tron-tay-ngan-m45/</link>
					<comments>https://https://github.com/BaRoWoPt/TMDT_YAMIE.git/product/ao-thun-co-tron-tay-ngan-m45/#respond</comments>
		
		<dc:creator><![CDATA[giabao]]></dc:creator>
		<pubDate>Thu, 17 Oct 2024 06:31:04 +0000</pubDate>
				<guid isPermaLink="false">https://https://github.com/BaRoWoPt/TMDT_YAMIE.git/?post_type=product#038;p=633</guid>

					<description><![CDATA[1. Kiểu sản phẩm: Áo thun cổ tròn tay ngắn dáng vừa 2. Ưu điểm: ● Thiết kế đơn giản và tinh tế mang phong cách tối giản. ● Màu sắc trung tính dễ dàng kết hợp với nhiều trang phục khác nhau. ● Logo nhỏ tinh tế ● Chất liệu thoải mái và linh [...]]]></description>
										<content:encoded><![CDATA[<p>1. Kiểu sản phẩm: Áo thun cổ tròn tay ngắn dáng vừa<br />
2. Ưu điểm:<br />
● Thiết kế đơn giản và tinh tế mang phong cách tối giản.<br />
● Màu sắc trung tính dễ dàng kết hợp với nhiều trang phục khác nhau.<br />
● Logo nhỏ tinh tế<br />
● Chất liệu thoải mái và linh hoạt khi mặc phù hợp cho việc mặc hàng ngày.<br />
3. Chất liệu: Vải Waffle với thành phần 95% Polyester và 5% Spandex, đảm bảo độ bền và khả năng co giãn tốt.<br />
4. Kỹ thuật: Thêu 2D tinh tế, tạo điểm nhấn độc đáo và sang trọng cho sản phẩm.</p>
]]></content:encoded>
					
					<wfw:commentRss>https://https://github.com/BaRoWoPt/TMDT_YAMIE.git/product/ao-thun-co-tron-tay-ngan-m45/feed/</wfw:commentRss>
			<slash:comments>0</slash:comments>
		
		
			</item>
		<item>
		<title>Áo Thun Cổ Tròn Tay Ngắn Dáng Rộng Seventy Seven</title>
		<link>https://https://github.com/BaRoWoPt/TMDT_YAMIE.git/product/ao-thun-co-tron-tay-ngan-dang-rong-seventy-seven/</link>
					<comments>https://https://github.com/BaRoWoPt/TMDT_YAMIE.git/product/ao-thun-co-tron-tay-ngan-dang-rong-seventy-seven/#respond</comments>
		
		<dc:creator><![CDATA[giabao]]></dc:creator>
		<pubDate>Thu, 17 Oct 2024 06:19:25 +0000</pubDate>
				<guid isPermaLink="false">https://https://github.com/BaRoWoPt/TMDT_YAMIE.git/?post_type=product#038;p=538</guid>

					<description><![CDATA[1. Kiểu sản phẩm: Áo thun cổ tròn tay ngắn 2. Ưu điểm: ○ Trọng lượng nhẹ, tạo cảm giác thoải mái khi mặc ○ Chất liệu co giãn 4 chiều, giúp dễ dàng vận động mà không bị gò bó ○ Thiết kế in cao cấp, mang lại vẻ ngoài thời trang và hiện [...]]]></description>
										<content:encoded><![CDATA[<p>1. Kiểu sản phẩm: Áo thun cổ tròn tay ngắn<br />
2. Ưu điểm:<br />
○ Trọng lượng nhẹ, tạo cảm giác thoải mái khi mặc<br />
○ Chất liệu co giãn 4 chiều, giúp dễ dàng vận động mà không bị gò bó<br />
○ Thiết kế in cao cấp, mang lại vẻ ngoài thời trang và hiện đại<br />
○ Dễ dàng phối đồ với nhiều trang phục khác nhau, từ quần jeans đến quần short<br />
○ Thấm hút mồ hôi tốt, giữ cho cơ thể luôn khô ráo và thoáng mát<br />
3. Chất liệu: 92% Cotton, 8% Spandex; Cotton 4 chiều. Có 10 màu áo trung tính<br />
4. Kỹ thuật: In cao, phối dây viền gân thun khác màu dọc vai, sử dụng bo cotton cùng màu làm cổ áo<br />
5. Phù hợp với ai: Những người yêu thích thời trang thoải mái và phong cách, phù hợp cho cả nam và nữ<br />
6. Thuộc Bộ Sưu Tập nào: Bộ sưu tập ‘Seventy Seven’, thời trang trung tính, dễ phối dễ lựa chọn<br />
7. Các tên thường gọi hoặc tên thường người dùng tìm kiếm trên các kênh thương mại điện tử: áo thun cổ tròn, áo thun co giãn, áo thun thời trang, áo thun nam nữ, áo thun in cao cấp.</p>
]]></content:encoded>
					
					<wfw:commentRss>https://https://github.com/BaRoWoPt/TMDT_YAMIE.git/product/ao-thun-co-tron-tay-ngan-dang-rong-seventy-seven/feed/</wfw:commentRss>
			<slash:comments>0</slash:comments>
		
		
			</item>
		<item>
		<title>Áo thun co giãn dáng rộng M139</title>
		<link>https://https://github.com/BaRoWoPt/TMDT_YAMIE.git/product/ao-thun-co-gian-dang-rong-m139/</link>
					<comments>https://https://github.com/BaRoWoPt/TMDT_YAMIE.git/product/ao-thun-co-gian-dang-rong-m139/#respond</comments>
		
		<dc:creator><![CDATA[giabao]]></dc:creator>
		<pubDate>Thu, 17 Oct 2024 06:00:55 +0000</pubDate>
				<guid isPermaLink="false">https://https://github.com/BaRoWoPt/TMDT_YAMIE.git/?post_type=product#038;p=459</guid>

					<description><![CDATA[Áo Thun Cổ Tròn Tay Ngắn Vải Cotton 2 Chiều Co Giãn Biểu Tượng Dáng Rộng Giá Tốt No Style M139 Vol 24 Kiểu sản phẩm: Áo thun cổ tròn tay ngắn. Ưu điểm: Áo có cấu trúc hút ẩm và thoát khí ưu việt, giúp bạn luôn khô ráo và thoải mái. Chất liệu [...]]]></description>
										<content:encoded><![CDATA[<div class="col-12"><strong><span class="productName">Áo Thun Cổ Tròn Tay Ngắn Vải Cotton 2 Chiều Co Giãn Biểu Tượng Dáng Rộng Giá Tốt No Style M139 Vol 24</span></strong></div>
<div class="col-12">
<ol>
<li id="moTaSanPham">Kiểu sản phẩm: Áo thun cổ tròn tay ngắn.</li>
<li>Ưu điểm: Áo có cấu trúc hút ẩm và thoát khí ưu việt, giúp bạn luôn khô ráo và thoải mái. Chất liệu co giãn 2 chiều mang lại sự linh hoạt và thoải mái khi vận động.</li>
<li style="text-align: left;">Chất liệu: Cotton Polyester 2S, thành phần 60% Cotton 40% Polyester</li>
</ol>
</div>
]]></content:encoded>
					
					<wfw:commentRss>https://https://github.com/BaRoWoPt/TMDT_YAMIE.git/product/ao-thun-co-gian-dang-rong-m139/feed/</wfw:commentRss>
			<slash:comments>0</slash:comments>
		
		
			</item>
	</channel>
</rss>
