<?xml version="1.0" encoding="UTF-8"?><rss version="2.0"
	xmlns:content="http://purl.org/rss/1.0/modules/content/"
	xmlns:wfw="http://wellformedweb.org/CommentAPI/"
	xmlns:dc="http://purl.org/dc/elements/1.1/"
	xmlns:atom="http://www.w3.org/2005/Atom"
	xmlns:sy="http://purl.org/rss/1.0/modules/syndication/"
	xmlns:slash="http://purl.org/rss/1.0/modules/slash/"
	>

<channel>
	<title>Uncategorized &#8211; Yamie Shop</title>
	<atom:link href="https://https://github.com/BaRoWoPt/TMDT_YAMIE.git/product-category/uncategorized/feed/" rel="self" type="application/rss+xml" />
	<link>https://https://github.com/BaRoWoPt/TMDT_YAMIE.git/</link>
	<description>Quần áo đẹp</description>
	<lastBuildDate>Mon, 04 Nov 2024 14:45:06 +0000</lastBuildDate>
	<language>vi</language>
	<sy:updatePeriod>
	hourly	</sy:updatePeriod>
	<sy:updateFrequency>
	1	</sy:updateFrequency>
	<generator>https://wordpress.org/?v=6.6.2</generator>

<image>
	<url>https://https://github.com/BaRoWoPt/TMDT_YAMIE.git/wp-content/uploads/2024/10/cropped-YAMIE-1-e1729149680715-32x32.png</url>
	<title>Uncategorized &#8211; Yamie Shop</title>
	<link>https://https://github.com/BaRoWoPt/TMDT_YAMIE.git/</link>
	<width>32</width>
	<height>32</height>
</image> 
	<item>
		<title>Áo Thun Cổ Tròn Tay Ngắn M45</title>
		<link>https://https://github.com/BaRoWoPt/TMDT_YAMIE.git/product/ao-thun-co-tron-tay-ngan-m45/</link>
					<comments>https://https://github.com/BaRoWoPt/TMDT_YAMIE.git/product/ao-thun-co-tron-tay-ngan-m45/#respond</comments>
		
		<dc:creator><![CDATA[giabao]]></dc:creator>
		<pubDate>Thu, 17 Oct 2024 06:31:04 +0000</pubDate>
				<guid isPermaLink="false">https://https://github.com/BaRoWoPt/TMDT_YAMIE.git/?post_type=product#038;p=633</guid>

					<description><![CDATA[1. Kiểu sản phẩm: Áo thun cổ tròn tay ngắn dáng vừa 2. Ưu điểm: ● Thiết kế đơn giản và tinh tế mang phong cách tối giản. ● Màu sắc trung tính dễ dàng kết hợp với nhiều trang phục khác nhau. ● Logo nhỏ tinh tế ● Chất liệu thoải mái và linh [...]]]></description>
										<content:encoded><![CDATA[<p>1. Kiểu sản phẩm: Áo thun cổ tròn tay ngắn dáng vừa<br />
2. Ưu điểm:<br />
● Thiết kế đơn giản và tinh tế mang phong cách tối giản.<br />
● Màu sắc trung tính dễ dàng kết hợp với nhiều trang phục khác nhau.<br />
● Logo nhỏ tinh tế<br />
● Chất liệu thoải mái và linh hoạt khi mặc phù hợp cho việc mặc hàng ngày.<br />
3. Chất liệu: Vải Waffle với thành phần 95% Polyester và 5% Spandex, đảm bảo độ bền và khả năng co giãn tốt.<br />
4. Kỹ thuật: Thêu 2D tinh tế, tạo điểm nhấn độc đáo và sang trọng cho sản phẩm.</p>
]]></content:encoded>
					
					<wfw:commentRss>https://https://github.com/BaRoWoPt/TMDT_YAMIE.git/product/ao-thun-co-tron-tay-ngan-m45/feed/</wfw:commentRss>
			<slash:comments>0</slash:comments>
		
		
			</item>
	</channel>
</rss>
