<?xml version="1.0" encoding="UTF-8"?><rss version="2.0"
	xmlns:content="http://purl.org/rss/1.0/modules/content/"
	xmlns:dc="http://purl.org/dc/elements/1.1/"
	xmlns:atom="http://www.w3.org/2005/Atom"
	xmlns:sy="http://purl.org/rss/1.0/modules/syndication/"
	
	>
<channel>
	<title>
	Các bình luận về: &#8220;Giá Luôn Tốt&#8221;: Thời trang nam chất lượng, giá hời không cần đợi sale	</title>
	<atom:link href="https://https://github.com/BaRoWoPt/TMDT_YAMIE.git/gia-luon-tot-thoi-trang-nam-chat-luong-gia-hoi-khong-can-doi-sale/feed/" rel="self" type="application/rss+xml" />
	<link>https://https://github.com/BaRoWoPt/TMDT_YAMIE.git/gia-luon-tot-thoi-trang-nam-chat-luong-gia-hoi-khong-can-doi-sale/</link>
	<description>Quần áo đẹp</description>
	<lastBuildDate>Sat, 02 Nov 2024 07:36:23 +0000</lastBuildDate>
	<sy:updatePeriod>
	hourly	</sy:updatePeriod>
	<sy:updateFrequency>
	1	</sy:updateFrequency>
	<generator>https://wordpress.org/?v=6.6.2</generator>
</channel>
</rss>
