<?xml version="1.0" encoding="UTF-8"?><rss version="2.0"
	xmlns:content="http://purl.org/rss/1.0/modules/content/"
	xmlns:dc="http://purl.org/dc/elements/1.1/"
	xmlns:atom="http://www.w3.org/2005/Atom"
	xmlns:sy="http://purl.org/rss/1.0/modules/syndication/"
	
	>
<channel>
	<title>
	Các bình luận về: Đặc Áo Thun Trơn YaMie: Sự Tinh Tế Trong Từng Chi Tiết	</title>
	<atom:link href="https://https://github.com/BaRoWoPt/TMDT_YAMIE.git/dac-ao-thun-tron-yame-su-tinh-te-trong-tung-chi-tiet/feed/" rel="self" type="application/rss+xml" />
	<link>https://https://github.com/BaRoWoPt/TMDT_YAMIE.git/dac-ao-thun-tron-yame-su-tinh-te-trong-tung-chi-tiet/</link>
	<description>Quần áo đẹp</description>
	<lastBuildDate>Sat, 02 Nov 2024 07:34:55 +0000</lastBuildDate>
	<sy:updatePeriod>
	hourly	</sy:updatePeriod>
	<sy:updateFrequency>
	1	</sy:updateFrequency>
	<generator>https://wordpress.org/?v=6.6.2</generator>
</channel>
</rss>
