<?xml version="1.0" encoding="UTF-8"?><rss version="2.0"
	xmlns:content="http://purl.org/rss/1.0/modules/content/"
	xmlns:wfw="http://wellformedweb.org/CommentAPI/"
	xmlns:dc="http://purl.org/dc/elements/1.1/"
	xmlns:atom="http://www.w3.org/2005/Atom"
	xmlns:sy="http://purl.org/rss/1.0/modules/syndication/"
	xmlns:slash="http://purl.org/rss/1.0/modules/slash/"
	>

<channel>
	<title>Áo Thun Tay Dài &#8211; Yamie Shop</title>
	<atom:link href="https://https://github.com/BaRoWoPt/TMDT_YAMIE.git/product-category/ao-thun-nam-nu/ao-thun-tay-dai/feed/" rel="self" type="application/rss+xml" />
	<link>https://https://github.com/BaRoWoPt/TMDT_YAMIE.git/</link>
	<description>Quần áo đẹp</description>
	<lastBuildDate>Sun, 03 Nov 2024 11:12:08 +0000</lastBuildDate>
	<language>vi</language>
	<sy:updatePeriod>
	hourly	</sy:updatePeriod>
	<sy:updateFrequency>
	1	</sy:updateFrequency>
	<generator>https://wordpress.org/?v=6.6.2</generator>

<image>
	<url>https://https://github.com/BaRoWoPt/TMDT_YAMIE.git/wp-content/uploads/2024/10/cropped-YAMIE-1-e1729149680715-32x32.png</url>
	<title>Áo Thun Tay Dài &#8211; Yamie Shop</title>
	<link>https://https://github.com/BaRoWoPt/TMDT_YAMIE.git/</link>
	<width>32</width>
	<height>32</height>
</image> 
	<item>
		<title>Áo vải tay dài Vinizury</title>
		<link>https://https://github.com/BaRoWoPt/TMDT_YAMIE.git/product/ao-vai-tay-dai-vinizury/</link>
					<comments>https://https://github.com/BaRoWoPt/TMDT_YAMIE.git/product/ao-vai-tay-dai-vinizury/#respond</comments>
		
		<dc:creator><![CDATA[minhdat]]></dc:creator>
		<pubDate>Thu, 17 Oct 2024 05:59:08 +0000</pubDate>
				<guid isPermaLink="false">https://https://github.com/BaRoWoPt/TMDT_YAMIE.git/?post_type=product#038;p=458</guid>

					<description><![CDATA[1. Kiểu sản phẩm: Áo Thun cổ tròn tay dài hoặc áo Sweater . 2. Ưu điểm: Chiếc áo này, dù mang thiết kế đơn giản, nhưng nhờ kỹ thuật thêu 3D chuyển màu tinh tế, trở nên độc đáo và cuốn hút hơn. Nó phù hợp cho mọi chuyến du lịch, dù là trong [...]]]></description>
										<content:encoded><![CDATA[<p>1. Kiểu sản phẩm: Áo Thun cổ tròn tay dài hoặc áo Sweater .<br />
2. Ưu điểm: Chiếc áo này, dù mang thiết kế đơn giản, nhưng nhờ kỹ thuật thêu 3D chuyển màu tinh tế, trở nên độc đáo và cuốn hút hơn. Nó phù hợp cho mọi chuyến du lịch, dù là trong thời tiết nắng hay lạnh, và thích hợp cho cả những buổi đi chơi, đi học hay tham dự tiệc tùng.<br />
3. Chất liệu: Vải Minizury. Thành phần: 94% Cotton 6% Spandex.<br />
4. Kỹ thuật: Thêu 3D chuyển màu và nhãn ép PU Metalic lazer.<br />
5. Phù hợp với ai: Phù hợp với người đi du lịch leo núi, hay đi biển, sáng gặp nắng, tối gặp gió, cần sự che chắn tốt, không bị ngoại cảnh, côn trùng xâm hại. Những người thích mặc đơn giản che tay.<br />
6. Thuộc Bộ Sưu Tập nào: “No Style” khơi dậy cảm hứng để bạn tự do thể hiện cá tính độc đáo của mình, dễ dàng phối hợp với nhiều trang phục khác, phù hợp cho mọi hoàn cảnh.<br />
7. Các tên thường gọi hoặc tìm kiếm về sản phẩm: Embroidered sweatshirt, Originals sweatshirt, Crewneck sweatshirt, Casual pullover, Unisex sweatshirt, Minimalist sweatshirt, Áo thun dài tay, Áo sweatshirt, Áo sweater, Áo nỉ chui đầu, Áo nỉ không mũ.</p>
]]></content:encoded>
					
					<wfw:commentRss>https://https://github.com/BaRoWoPt/TMDT_YAMIE.git/product/ao-vai-tay-dai-vinizury/feed/</wfw:commentRss>
			<slash:comments>0</slash:comments>
		
		
			</item>
		<item>
		<title>Áo Thun Tay Dài Vải Diamond Polyester</title>
		<link>https://https://github.com/BaRoWoPt/TMDT_YAMIE.git/product/ao-thun-tay-dai-vai-diamond-polyester/</link>
					<comments>https://https://github.com/BaRoWoPt/TMDT_YAMIE.git/product/ao-thun-tay-dai-vai-diamond-polyester/#respond</comments>
		
		<dc:creator><![CDATA[hongngan]]></dc:creator>
		<pubDate>Thu, 17 Oct 2024 04:40:51 +0000</pubDate>
				<guid isPermaLink="false">https://https://github.com/BaRoWoPt/TMDT_YAMIE.git/?post_type=product#038;p=435</guid>

					<description><![CDATA[1. Kiểu sản phẩm: Áo thun cổ tròn tay dài với phần raglan cao giúp áo vừa vặn, thoải mái hơn trong vận động. 2. Ưu điểm: ○ Chất vải mềm mại, trọng lượng nhẹ, không nhăn, dễ gấp gọn mang theo. ○ Kiểu dệt cho phép không khí lưu thông qua bề mặt vải [...]]]></description>
										<content:encoded><![CDATA[<p>1. Kiểu sản phẩm: Áo thun cổ tròn tay dài với phần raglan cao giúp áo vừa vặn, thoải mái hơn trong vận động.<br />
2. Ưu điểm:<br />
○ Chất vải mềm mại, trọng lượng nhẹ, không nhăn, dễ gấp gọn mang theo.<br />
○ Kiểu dệt cho phép không khí lưu thông qua bề mặt vải nhiều hơn giúp tăng khả năng thấm hút thoát ẩm, nhanh khô và thoáng mát.<br />
○ Chất liệu được xử lý hạn chế tối đa sự co rút, và giãn nhão duy trì hình dáng ban đầu sau nhiều lần giặt.<br />
○ Thiết kế phần lai xẻ V tối ưu cử động hông<br />
○ Tay dài giúp chống nắng<br />
3. Chất liệu: Sợi nhân tạo Diamond Polyester(93% Polyester 7% Spandex).<br />
4. Kỹ thuật: Logo in nhũ bạc tinh tế, rã phối dịch chuyển đường may dưới cánh tay giúp cử động trong tập luyện dễ chịu hơn<br />
5. Phù hợp với ai: Phù hợp với mọi người, đặc biệt là khi tham gia các hoạt động thể thao hằng ngày.<br />
6. Thuộc Bộ Sưu Tập: Beginner thể thao cho người mới bắt đầu chơi thể thao hoặc tập thể dục, tập gym<br />
7. Các tên thường gọi hoặc tìm kiếm về sản phẩm này: Áo thun cổ tròn, áo thun tay dài, áo thun thể thao.</p>
]]></content:encoded>
					
					<wfw:commentRss>https://https://github.com/BaRoWoPt/TMDT_YAMIE.git/product/ao-thun-tay-dai-vai-diamond-polyester/feed/</wfw:commentRss>
			<slash:comments>0</slash:comments>
		
		
			</item>
	</channel>
</rss>
