<?xml version="1.0" encoding="UTF-8"?><rss version="2.0"
	xmlns:content="http://purl.org/rss/1.0/modules/content/"
	xmlns:wfw="http://wellformedweb.org/CommentAPI/"
	xmlns:dc="http://purl.org/dc/elements/1.1/"
	xmlns:atom="http://www.w3.org/2005/Atom"
	xmlns:sy="http://purl.org/rss/1.0/modules/syndication/"
	xmlns:slash="http://purl.org/rss/1.0/modules/slash/"
	>

<channel>
	<title>Style &#8211; Yamie Shop</title>
	<atom:link href="https://https://github.com/BaRoWoPt/TMDT_YAMIE.git/category/style/feed/" rel="self" type="application/rss+xml" />
	<link>https://https://github.com/BaRoWoPt/TMDT_YAMIE.git/</link>
	<description>Quần áo đẹp</description>
	<lastBuildDate>Wed, 01 Jan 2014 16:47:44 +0000</lastBuildDate>
	<language>vi</language>
	<sy:updatePeriod>
	hourly	</sy:updatePeriod>
	<sy:updateFrequency>
	1	</sy:updateFrequency>
	<generator>https://wordpress.org/?v=6.6.2</generator>

<image>
	<url>https://https://github.com/BaRoWoPt/TMDT_YAMIE.git/wp-content/uploads/2024/10/cropped-YAMIE-1-e1729149680715-32x32.png</url>
	<title>Style &#8211; Yamie Shop</title>
	<link>https://https://github.com/BaRoWoPt/TMDT_YAMIE.git/</link>
	<width>32</width>
	<height>32</height>
</image> 
	<item>
		<title>A Video Blog Post</title>
		<link>https://https://github.com/BaRoWoPt/TMDT_YAMIE.git/a-video-blog-post/</link>
					<comments>https://https://github.com/BaRoWoPt/TMDT_YAMIE.git/a-video-blog-post/#respond</comments>
		
		<dc:creator><![CDATA[adminyamie]]></dc:creator>
		<pubDate>Wed, 01 Jan 2014 16:47:44 +0000</pubDate>
				<category><![CDATA[Style]]></category>
		<guid isPermaLink="false">http://localhost:8888/test/?p=483</guid>

					<description><![CDATA[Lorem ipsum dolor sit amet, consectetur adipiscing elit. In sed vulputate massa. Fusce ante magna, iaculis ut purus ut, facilisis ultrices nibh. Quisque commodo nunc eget tortor dapibus, et tristique magna convallis. Phasellus egestas nunc eu venenatis vehicula. Phasellus et magna nulla. Proin ante nunc, mollis a lectus ac, volutpat placerat ante. Vestibulum sit amet [...]]]></description>
										<content:encoded><![CDATA[<p>Lorem ipsum dolor sit amet, consectetur adipiscing elit. In sed vulputate massa. Fusce ante magna, iaculis ut purus ut, facilisis ultrices nibh. Quisque commodo nunc eget tortor dapibus, et tristique magna convallis. Phasellus egestas nunc eu venenatis vehicula. Phasellus et magna nulla. Proin ante nunc, mollis a lectus ac, volutpat placerat ante. Vestibulum sit amet magna sit amet nunc faucibus mollis. Aliquam vel lacinia purus, id tristique ipsum. Quisque vitae nibh ut libero vulputate ornare quis in risus. Nam sodales justo orci, a bibendum risus tincidunt id. Etiam hendrerit, metus in volutpat tempus.</p>
<p>Neque libero viverra lorem, ac tristique orci augue eu metus. Aenean elementum nisi vitae justo adipiscing gravida sit amet et risus. Suspendisse dapibus elementum quam, vel semper mi tempus ac.</p>
]]></content:encoded>
					
					<wfw:commentRss>https://https://github.com/BaRoWoPt/TMDT_YAMIE.git/a-video-blog-post/feed/</wfw:commentRss>
			<slash:comments>0</slash:comments>
		
		
			</item>
		<item>
		<title>Just a cool blog post with Images</title>
		<link>https://https://github.com/BaRoWoPt/TMDT_YAMIE.git/just-a-cool-blog-post-with-images/</link>
					<comments>https://https://github.com/BaRoWoPt/TMDT_YAMIE.git/just-a-cool-blog-post-with-images/#respond</comments>
		
		<dc:creator><![CDATA[adminyamie]]></dc:creator>
		<pubDate>Mon, 30 Dec 2013 16:50:40 +0000</pubDate>
				<category><![CDATA[Style]]></category>
		<category><![CDATA[brooklyn]]></category>
		<category><![CDATA[fashion]]></category>
		<category><![CDATA[style]]></category>
		<category><![CDATA[women]]></category>
		<guid isPermaLink="false">http://localhost:8888/test/?p=485</guid>

					<description><![CDATA[Lorem ipsum dolor sit amet, consectetur adipiscing elit. In sed vulputate massa. Fusce ante magna, iaculis ut purus ut, facilisis ultrices nibh. Quisque commodo nunc eget tortor dapibus, et tristique magna convallis. Phasellus egestas nunc eu venenatis vehicula. Phasellus et magna nulla. Proin ante nunc, mollis a lectus ac, volutpat placerat ante. Vestibulum sit amet [...]]]></description>
										<content:encoded><![CDATA[<p>Lorem ipsum dolor sit amet, consectetur adipiscing elit. In sed vulputate massa. Fusce ante magna, iaculis ut purus ut, facilisis ultrices nibh. Quisque commodo nunc eget tortor dapibus, et tristique magna convallis. Phasellus egestas nunc eu venenatis vehicula. Phasellus et magna nulla. Proin ante nunc, mollis a lectus ac, volutpat placerat ante. Vestibulum sit amet magna sit amet nunc faucibus mollis. Aliquam vel lacinia purus, id tristique ipsum. Quisque vitae nibh ut libero vulputate ornare quis in risus. Nam sodales justo orci, a bibendum risus tincidunt id. Etiam hendrerit, metus in volutpat tempus, neque libero viverra lorem, ac tristique orci augue eu metus. Aenean elementum nisi vitae justo adipiscing gravida sit amet et risus. Suspendisse dapibus elementum quam, vel semper mi tempus ac.</p>

<p>Nam at nisi risus. Proin pretium, dolor vel venenatis suscipit, dui nunc tincidunt lectus, ac placerat felis dui in justo. Aliquam orci velit, facilisis in facilisis non, scelerisque in massa. Integer scelerisque odio nec eros sodales laoreet. Sed sed odio tellus. In tristique felis ac facilisis tempor. Nunc non enim in dolor congue pulvinar sed sed nisi. Mauris viverra convallis feugiat. Nam at mauris laoreet, dictum leo at, tristique mi. Aenean pellentesque justo vel diam elementum iaculis. Nam lobortis cursus vestibulum. Nulla feugiat mauris felis, auctor pretium dui euismod in.</p>
<p>Vestibulum et enim vitae lectus malesuada aliquam vitae non mi. Suspendisse tellus eros, ultricies nec lorem feugiat, pharetra auctor dui. Suspendisse placerat neque leo, nec commodo eros ultrices vel. Fusce elit libero, aliquam quis libero non, consectetur accumsan est. Proin tempus mauris id cursus posuere. Sed et rutrum felis, vel aliquet ante. Interdum et malesuada fames ac ante ipsum primis in faucibus. Pellentesque neque tellus, condimentum non eros non, consectetur auctor lacus. Curabitur malesuada odio eget elit egestas porttitor.</p>
]]></content:encoded>
					
					<wfw:commentRss>https://https://github.com/BaRoWoPt/TMDT_YAMIE.git/just-a-cool-blog-post-with-images/feed/</wfw:commentRss>
			<slash:comments>0</slash:comments>
		
		
			</item>
		<item>
		<title>Another post with A Gallery</title>
		<link>https://https://github.com/BaRoWoPt/TMDT_YAMIE.git/just-a-cool-blog-post-with-a-gallery-2/</link>
					<comments>https://https://github.com/BaRoWoPt/TMDT_YAMIE.git/just-a-cool-blog-post-with-a-gallery-2/#respond</comments>
		
		<dc:creator><![CDATA[adminyamie]]></dc:creator>
		<pubDate>Mon, 16 Dec 2013 20:32:19 +0000</pubDate>
				<category><![CDATA[Style]]></category>
		<category><![CDATA[brooklyn]]></category>
		<category><![CDATA[fashion]]></category>
		<category><![CDATA[style]]></category>
		<category><![CDATA[women]]></category>
		<guid isPermaLink="false">http://localhost:8888/test/?p=2009</guid>

					<description><![CDATA[Lorem ipsum dolor sit amet, consectetur adipiscing elit. In sed vulputate massa. Fusce ante magna, iaculis ut purus ut, facilisis ultrices nibh. Quisque commodo nunc eget tortor dapibus, et tristique magna convallis. Phasellus egestas nunc eu venenatis vehicula. Phasellus et magna nulla. Proin ante nunc, mollis a lectus ac, volutpat placerat ante. Vestibulum sit amet [...]]]></description>
										<content:encoded><![CDATA[<p>Lorem ipsum dolor sit amet, consectetur adipiscing elit. In sed vulputate massa. Fusce ante magna, iaculis ut purus ut, facilisis ultrices nibh. Quisque commodo nunc eget tortor dapibus, et tristique magna convallis. Phasellus egestas nunc eu venenatis vehicula. Phasellus et magna nulla. Proin ante nunc, mollis a lectus ac, volutpat placerat ante. Vestibulum sit amet magna sit amet nunc faucibus mollis. Aliquam vel lacinia purus, id tristique ipsum. Quisque vitae nibh ut libero vulputate ornare quis in risus. Nam sodales justo orci, a bibendum risus tincidunt id. Etiam hendrerit, metus in volutpat tempus, neque libero viverra lorem, ac tristique orci augue eu metus. Aenean elementum nisi vitae justo adipiscing gravida sit amet et risus. Suspendisse dapibus elementum quam, vel semper mi tempus ac.</p>

<p>Nam at nisi risus. Proin pretium, dolor vel venenatis suscipit, dui nunc tincidunt lectus, ac placerat felis dui in justo. Aliquam orci velit, facilisis in facilisis non, scelerisque in massa. Integer scelerisque odio nec eros sodales laoreet. Sed sed odio tellus. In tristique felis ac facilisis tempor. Nunc non enim in dolor congue pulvinar sed sed nisi. Mauris viverra convallis feugiat. Nam at mauris laoreet, dictum leo at, tristique mi. Aenean pellentesque justo vel diam elementum iaculis. Nam lobortis cursus vestibulum. Nulla feugiat mauris felis, auctor pretium dui euismod in.</p>
<p>Vestibulum et enim vitae lectus malesuada aliquam vitae non mi. Suspendisse tellus eros, ultricies nec lorem feugiat, pharetra auctor dui. Suspendisse placerat neque leo, nec commodo eros ultrices vel. Fusce elit libero, aliquam quis libero non, consectetur accumsan est. Proin tempus mauris id cursus posuere. Sed et rutrum felis, vel aliquet ante. Interdum et malesuada fames ac ante ipsum primis in faucibus. Pellentesque neque tellus, condimentum non eros non, consectetur auctor lacus. Curabitur malesuada odio eget elit egestas porttitor.</p>
]]></content:encoded>
					
					<wfw:commentRss>https://https://github.com/BaRoWoPt/TMDT_YAMIE.git/just-a-cool-blog-post-with-a-gallery-2/feed/</wfw:commentRss>
			<slash:comments>0</slash:comments>
		
		
			</item>
		<item>
		<title>New Client Landed</title>
		<link>https://https://github.com/BaRoWoPt/TMDT_YAMIE.git/new-client-landed/</link>
					<comments>https://https://github.com/BaRoWoPt/TMDT_YAMIE.git/new-client-landed/#respond</comments>
		
		<dc:creator><![CDATA[adminyamie]]></dc:creator>
		<pubDate>Thu, 29 Aug 2013 14:15:41 +0000</pubDate>
				<category><![CDATA[Style]]></category>
		<guid isPermaLink="false">http://flatsome.dev/?p=8984</guid>

					<description><![CDATA[Lorem ipsum dolor sit amet, consectetuer adipiscing elit, sed diam nonummy nibh euismod tincidunt ut laoreet dolore magna aliquam erat volutpat. Ut wisi enim ad minim veniam, quis nostrud exerci tation ullamcorper suscipit lobortis nisl ut aliquip ex ea commodo consequat. Lorem ipsum dolor sit amet, consectetuer adipiscing elit, sed diam nonummy nibh euismod tincidunt [...]]]></description>
										<content:encoded><![CDATA[<p>Lorem ipsum dolor sit amet, consectetuer adipiscing elit, sed diam nonummy nibh euismod tincidunt ut laoreet dolore magna aliquam erat volutpat. Ut wisi enim ad minim veniam, quis nostrud exerci tation ullamcorper suscipit lobortis nisl ut aliquip ex ea commodo consequat. </p>
<p>Lorem ipsum dolor sit amet, consectetuer adipiscing elit, sed diam nonummy nibh euismod tincidunt ut laoreet dolore magna aliquam erat volutpat. Ut wisi enim ad minim veniam, quis nostrud exerci tation ullamcorper suscipit lobortis nisl ut aliquip ex ea commodo consequat.</p>
]]></content:encoded>
					
					<wfw:commentRss>https://https://github.com/BaRoWoPt/TMDT_YAMIE.git/new-client-landed/feed/</wfw:commentRss>
			<slash:comments>0</slash:comments>
		
		
			</item>
		<item>
		<title>An Amazing responsive and Retina ready theme.</title>
		<link>https://https://github.com/BaRoWoPt/TMDT_YAMIE.git/welcome-to-flatsome-an-amazing-responsive-and-retina-ready-theme/</link>
					<comments>https://https://github.com/BaRoWoPt/TMDT_YAMIE.git/welcome-to-flatsome-an-amazing-responsive-and-retina-ready-theme/#respond</comments>
		
		<dc:creator><![CDATA[adminyamie]]></dc:creator>
		<pubDate>Sun, 11 Aug 2013 16:35:51 +0000</pubDate>
				<category><![CDATA[Style]]></category>
		<guid isPermaLink="false">http://localhost:8888/test/?p=474</guid>

					<description><![CDATA[Lorem ipsum dolor sit amet, consectetur adipiscing elit. Nam sed eleifend risus, sit amet porttitor massa. Ut vulputate felis at mauris ultrices sodales. Phasellus in leo ornare, vulputate purus eget, iaculis tellus. Donec sed laoreet orci. Praesent faucibus feugiat velit a iaculis. Class aptent taciti sociosqu ad litora torquent per conubia nostra, per inceptos himenaeos. [...]]]></description>
										<content:encoded><![CDATA[<p>Lorem ipsum dolor sit amet, consectetur adipiscing elit. Nam sed eleifend risus, sit amet porttitor massa. Ut vulputate felis at mauris ultrices sodales. Phasellus in leo ornare, vulputate purus eget, iaculis tellus. Donec sed laoreet orci. Praesent faucibus feugiat velit a iaculis. Class aptent taciti sociosqu ad litora torquent per conubia nostra, per inceptos himenaeos. Morbi turpis mauris, consequat laoreet metus non, dictum fringilla sem. Vestibulum ante ipsum primis in faucibus orci luctus et ultrices posuere cubilia Curae; Nulla ornare malesuada ultricies. Nulla luctus velit diam, at lacinia odio aliquam nec. In adipiscing, arcu elementum dictum eleifend, mi velit sodales nisi, a semper tellus magna sed justo. Ut mauris velit, tristique id nulla eget, euismod consequat lacus. Vestibulum varius dapibus lacus et vestibulum.</p>
<blockquote><p>Ut eu imperdiet arcu. Vestibulum ante ipsum primis in faucibus orci luctus et ultrices posuere cubilia Curae; Cras interdum porttitor quam at tempus. Sed quis rutrum lorem.</p></blockquote>
<p>Ut eu imperdiet arcu. Vestibulum ante ipsum primis in faucibus orci luctus et ultrices posuere cubilia Curae; Cras interdum porttitor quam at tempus. Sed quis rutrum lorem. Mauris vitae dui ut neque pulvinar mattis. Mauris sed tincidunt nisi. Ut porta quis lorem at consectetur. Mauris elementum vulputate metus, ut cursus felis dictum non. Sed in nulla metus. Pellentesque habitant morbi tristique senectus et netus et malesuada fames ac turpis egestas. Phasellus at nunc eget ligula tristique scelerisque in et urna.</p>
<p>Pellentesque imperdiet, nunc id scelerisque scelerisque, nisi arcu hendrerit leo, vel volutpat arcu mi in risus. Vestibulum iaculis molestie venenatis. Donec faucibus elit quis enim porta, id fringilla lectus feugiat. Sed et diam fermentum, elementum elit et, placerat nisi. Sed vehicula nibh sed tellus elementum condimentum. Fusce laoreet lorem ipsum, vitae aliquam arcu gravida gravida. Nunc eget tristique sem, eu ornare ligula.</p>
<p>Pellentesque facilisis lobortis volutpat. Etiam non suscipit velit, vitae ornare eros. In hac habitasse platea dictumst. Phasellus eu auctor metus, et porta justo. Vivamus suscipit fermentum ante, eu dignissim orci. Proin faucibus quis orci a dictum. Nulla ac nibh neque. Curabitur eu justo massa.</p>
]]></content:encoded>
					
					<wfw:commentRss>https://https://github.com/BaRoWoPt/TMDT_YAMIE.git/welcome-to-flatsome-an-amazing-responsive-and-retina-ready-theme/feed/</wfw:commentRss>
			<slash:comments>0</slash:comments>
		
		
			</item>
	</channel>
</rss>
