<?xml version="1.0" encoding="UTF-8"?><rss version="2.0"
	xmlns:content="http://purl.org/rss/1.0/modules/content/"
	xmlns:wfw="http://wellformedweb.org/CommentAPI/"
	xmlns:dc="http://purl.org/dc/elements/1.1/"
	xmlns:atom="http://www.w3.org/2005/Atom"
	xmlns:sy="http://purl.org/rss/1.0/modules/syndication/"
	xmlns:slash="http://purl.org/rss/1.0/modules/slash/"
	>

<channel>
	<title>minhdat &#8211; Yamie Shop</title>
	<atom:link href="https://https://github.com/BaRoWoPt/TMDT_YAMIE.git/author/minhdat/feed/" rel="self" type="application/rss+xml" />
	<link>https://https://github.com/BaRoWoPt/TMDT_YAMIE.git/</link>
	<description>Quần áo đẹp</description>
	<lastBuildDate>Thu, 17 Oct 2024 03:36:21 +0000</lastBuildDate>
	<language>vi</language>
	<sy:updatePeriod>
	hourly	</sy:updatePeriod>
	<sy:updateFrequency>
	1	</sy:updateFrequency>
	<generator>https://wordpress.org/?v=6.6.2</generator>

<image>
	<url>https://https://github.com/BaRoWoPt/TMDT_YAMIE.git/wp-content/uploads/2024/10/cropped-YAMIE-1-e1729149680715-32x32.png</url>
	<title>minhdat &#8211; Yamie Shop</title>
	<link>https://https://github.com/BaRoWoPt/TMDT_YAMIE.git/</link>
	<width>32</width>
	<height>32</height>
</image> 
	<item>
		<title>Bản đồ</title>
		<link>https://https://github.com/BaRoWoPt/TMDT_YAMIE.git/ban-do/</link>
					<comments>https://https://github.com/BaRoWoPt/TMDT_YAMIE.git/ban-do/#respond</comments>
		
		<dc:creator><![CDATA[minhdat]]></dc:creator>
		<pubDate>Thu, 17 Oct 2024 03:36:21 +0000</pubDate>
				<category><![CDATA[Uncategorized]]></category>
		<guid isPermaLink="false">https://https://github.com/BaRoWoPt/TMDT_YAMIE.git/?p=304</guid>

					<description><![CDATA[]]></description>
										<content:encoded><![CDATA[<iframe src="https://www.google.com/maps/embed?pb=!1m18!1m12!1m3!1d1005877.2490479202!2d103.870914178125!3d9.999670100000005!2m3!1f0!2f0!3f0!3m2!1i1024!2i768!4f13.1!3m3!1m2!1s0x31a0b387bb2e841b%3A0xad6b5dc5f269539c!2sYaMe.vn!5e0!3m2!1svi!2s!4v1729136037139!5m2!1svi!2s" width="600" height="400" style="border:0;" allowfullscreen="" loading="lazy" referrerpolicy="no-referrer-when-downgrade"></iframe><p></p>]]></content:encoded>
					
					<wfw:commentRss>https://https://github.com/BaRoWoPt/TMDT_YAMIE.git/ban-do/feed/</wfw:commentRss>
			<slash:comments>0</slash:comments>
		
		
			</item>
	</channel>
</rss>
