<?xml version="1.0" encoding="UTF-8"?><rss version="2.0"
	xmlns:content="http://purl.org/rss/1.0/modules/content/"
	xmlns:wfw="http://wellformedweb.org/CommentAPI/"
	xmlns:dc="http://purl.org/dc/elements/1.1/"
	xmlns:atom="http://www.w3.org/2005/Atom"
	xmlns:sy="http://purl.org/rss/1.0/modules/syndication/"
	xmlns:slash="http://purl.org/rss/1.0/modules/slash/"
	>

<channel>
	<title>hongngan &#8211; Yamie Shop</title>
	<atom:link href="https://https://github.com/BaRoWoPt/TMDT_YAMIE.git/author/hongngan/feed/" rel="self" type="application/rss+xml" />
	<link>https://https://github.com/BaRoWoPt/TMDT_YAMIE.git/</link>
	<description>Quần áo đẹp</description>
	<lastBuildDate>Sat, 02 Nov 2024 07:36:23 +0000</lastBuildDate>
	<language>vi</language>
	<sy:updatePeriod>
	hourly	</sy:updatePeriod>
	<sy:updateFrequency>
	1	</sy:updateFrequency>
	<generator>https://wordpress.org/?v=6.6.2</generator>

<image>
	<url>https://https://github.com/BaRoWoPt/TMDT_YAMIE.git/wp-content/uploads/2024/10/cropped-YAMIE-1-e1729149680715-32x32.png</url>
	<title>hongngan &#8211; Yamie Shop</title>
	<link>https://https://github.com/BaRoWoPt/TMDT_YAMIE.git/</link>
	<width>32</width>
	<height>32</height>
</image> 
	<item>
		<title>&#8220;Giá Luôn Tốt&#8221;: Thời trang nam chất lượng, giá hời không cần đợi sale</title>
		<link>https://https://github.com/BaRoWoPt/TMDT_YAMIE.git/gia-luon-tot-thoi-trang-nam-chat-luong-gia-hoi-khong-can-doi-sale/</link>
					<comments>https://https://github.com/BaRoWoPt/TMDT_YAMIE.git/gia-luon-tot-thoi-trang-nam-chat-luong-gia-hoi-khong-can-doi-sale/#respond</comments>
		
		<dc:creator><![CDATA[hongngan]]></dc:creator>
		<pubDate>Sat, 02 Nov 2024 07:31:28 +0000</pubDate>
				<category><![CDATA[Uncategorized]]></category>
		<guid isPermaLink="false">https://https://github.com/BaRoWoPt/TMDT_YAMIE.git/?p=1107</guid>

					<description><![CDATA[&#8220;Giá Luôn Tốt&#8221;: Thời trang nam chất lượng, giá hời không cần đợi sale Mệt mỏi vì phải canh sale mới mua được quần áo nam ưng ý? Lo lắng chất lượng sản phẩm đi đôi với giá rẻ? YaMe thấu hiểu và mang đến chương trình&#160;&#8220;Giá Luôn Tốt&#8221;&#160;&#8211; nơi bạn tìm thấy thời trang [...]]]></description>
										<content:encoded><![CDATA[<h3 class="wp-block-heading">&#8220;Giá Luôn Tốt&#8221;: Thời trang nam chất lượng, giá hời không cần đợi sale</h3><p>Mệt mỏi vì phải canh sale mới mua được quần áo nam ưng ý? Lo lắng chất lượng sản phẩm đi đôi với giá rẻ? YaMe thấu hiểu và mang đến chương trình&nbsp;<strong>&#8220;Giá Luôn Tốt&#8221;</strong>&nbsp;&#8211; nơi bạn tìm thấy thời trang nam chất lượng với mức giá &#8220;hời&#8221; nhất, không cần đợi đến ngày sale!</p><p><strong>&#8220;Giá Luôn Tốt&#8221;</strong>&nbsp;cam kết mang đến những sản phẩm thời trang nam chất lượng cao với giá cả cạnh tranh nhất thị trường. YaMe tự tin khẳng định:</p><ul class="wp-block-list"><li><strong>Giá tốt mỗi ngày:</strong> YaMe tối ưu quy trình từ sản xuất đến bán hàng, cắt giảm chi phí trung gian để mang đến mức giá tốt nhất mà không ảnh hưởng đến chất lượng.</li>

<li><strong>Chất lượng vượt trội:</strong> YaMe sử dụng chất liệu cao cấp, đường may tỉ mỉ, kiểm soát chất lượng nghiêm ngặt, đảm bảo mỗi sản phẩm đều bền đẹp, thoải mái khi mặc.</li>

<li><strong>Phong cách đa dạng:</strong> Dù bạn yêu thích phong cách nào, YaMe đều có sản phẩm phù hợp: áo thun basic, áo polo lịch lãm, sơ mi công sở, quần jean năng động, quần tây thanh lịch,&#8230;</li>

<li><strong>Mua sắm tiện lợi:</strong> Dễ dàng mua sắm trực tuyến tại website Yame.vn với giao hàng nhanh chóng, hoặc trải nghiệm mua sắm trực tiếp tại hệ thống cửa hàng YaMe trên toàn quốc.</li></ul><p><strong>Lợi ích khi mua sắm tại YaMe &#8220;Giá Luôn Tốt&#8221;:</strong></p><ul class="wp-block-list"><li><strong>Tiết kiệm tối đa:</strong> Mua sắm thả ga mà không lo về giá.</li>

<li><strong>Tự tin thể hiện phong cách:</strong> Sở hữu những bộ trang phục chất lượng, hợp thời trang.</li>

<li><strong>An tâm về chất lượng:</strong> Sản phẩm bền đẹp, đường may chắc chắn, chất liệu thoải mái.</li></ul><p><strong>Từ khóa tìm kiếm:</strong>&nbsp;quần áo nam, thời trang nam, áo thun nam, áo polo nam, sơ mi nam, quần jean nam, quần tây nam, giá rẻ, chất lượng, mua sắm online, YaMe, Giá Luôn Tốt.</p><p><strong>#YaMe #GiaLuonTot #ThoiTrangNam #ChatLuong #GiaRe</strong></p><p><strong>Ghé thăm YaMe ngay hôm nay để trải nghiệm mua sắm thời trang nam &#8220;Giá Luôn Tốt&#8221;!</strong></p>]]></content:encoded>
					
					<wfw:commentRss>https://https://github.com/BaRoWoPt/TMDT_YAMIE.git/gia-luon-tot-thoi-trang-nam-chat-luong-gia-hoi-khong-can-doi-sale/feed/</wfw:commentRss>
			<slash:comments>0</slash:comments>
		
		
			</item>
		<item>
		<title>Đặc Áo Thun Trơn YaMie: Sự Tinh Tế Trong Từng Chi Tiết</title>
		<link>https://https://github.com/BaRoWoPt/TMDT_YAMIE.git/dac-ao-thun-tron-yame-su-tinh-te-trong-tung-chi-tiet/</link>
					<comments>https://https://github.com/BaRoWoPt/TMDT_YAMIE.git/dac-ao-thun-tron-yame-su-tinh-te-trong-tung-chi-tiet/#respond</comments>
		
		<dc:creator><![CDATA[hongngan]]></dc:creator>
		<pubDate>Sat, 02 Nov 2024 07:28:19 +0000</pubDate>
				<category><![CDATA[Uncategorized]]></category>
		<guid isPermaLink="false">https://https://github.com/BaRoWoPt/TMDT_YAMIE.git/?p=1106</guid>

					<description><![CDATA[Áo Thun Trơn YaMe: Sự Tinh Tế Trong Từng Chi Tiết Áo thun trơn, một biểu tượng của sự tối giản và tinh tế, đã trở thành một phần không thể thiếu trong tủ đồ của mọi người. YaMe, một thương hiệu thời trang Việt Nam, đã nâng tầm áo thun trơn lên một tầm [...]]]></description>
										<content:encoded><![CDATA[<p>Áo Thun Trơn YaMe: Sự Tinh Tế Trong Từng Chi Tiết</p><p>Áo thun trơn, một biểu tượng của sự tối giản và tinh tế, đã trở thành một phần không thể thiếu trong tủ đồ của mọi người. YaMe, một thương hiệu thời trang Việt Nam, đã nâng tầm áo thun trơn lên một tầm cao mới với sự kết hợp hoàn hảo giữa chất liệu cao cấp, công nghệ sản xuất hiện đại và thiết kế đa dạng. Bài viết này sẽ đi sâu vào phân tích các khía cạnh chuyên môn của áo thun trơn YaMe, từ lịch sử, chất liệu, công nghệ sản xuất đến cách phối đồ và bảo quản, nhằm mang đến cái nhìn toàn diện và sâu sắc về sản phẩm này.&nbsp;<img decoding="async" src="https://cmsv2.yame.vn//uploads/2099c975-60d2-4297-89c1-370f829c9dd4/BST_COOL_TOUCH_DANH_M%e1%bb%a4C.jpg?w=800" alt="BST_COOL_TOUCH_DANH_MỤC.jpg"></p><h3 class="wp-block-heading"><strong>1. Giới thiệu áo thun trơn YaMe</strong></h3><p>Áo thun trơn YaMe, còn được gọi là áo thun basic, là một sản phẩm thời trang cơ bản, không có họa tiết hay trang trí cầu kỳ. Tuy đơn giản nhưng áo thun trơn YaMe lại mang đến vẻ đẹp thanh lịch và tinh tế, dễ dàng phối hợp với nhiều phong cách khác nhau. YaMe luôn chú trọng đến chất lượng sản phẩm, từ việc lựa chọn chất liệu cao cấp đến ứng dụng công nghệ sản xuất hiện đại, đảm bảo mang đến cho khách hàng những chiếc áo thun thoải mái, bền đẹp và thời trang.</p><h3 class="wp-block-heading"><strong>2. Lịch sử và sự phát triển của áo thun trơn</strong></h3><p>Áo thun trơn có nguồn gốc từ đầu thế kỷ 20, ban đầu được sử dụng làm đồ lót cho quân đội Mỹ. Sau đó, nhờ tính tiện dụng và thoải mái, áo thun dần trở nên phổ biến trong đời sống hàng ngày. Vào những năm 1950, áo thun trơn trở thành biểu tượng của sự nổi loạn và cá tính qua các bộ phim Hollywood. Đến nay, áo thun trơn đã trở thành một món đồ thời trang không thể thiếu, được yêu thích bởi mọi lứa tuổi và giới tính.</p><p>Sự phát triển của áo thun trơn gắn liền với sự tiến bộ của công nghệ dệt may. Từ những chiếc áo thun cotton đơn giản ban đầu, ngày nay áo thun trơn được làm từ nhiều chất liệu khác nhau như modal, bamboo, sợi tổng hợp&#8230; Công nghệ sản xuất cũng ngày càng hiện đại, mang đến những chiếc áo thun có tính năng vượt trội như thoáng khí, kháng khuẩn, chống nhăn&#8230;</p><h3 class="wp-block-heading"><strong>3. Ưu điểm vượt trội của áo thun trơn YaMe</strong></h3><figure class="wp-block-image"><img decoding="async" src="https://cmsv2.yame.vn//uploads/592a59bf-3d45-4a98-8aac-001618867776/3._%c6%afu_%c4%91i%e1%bb%83m_v%c6%b0%e1%bb%a3t_tr%e1%bb%99i_c%e1%bb%a7a_%c3%a1o_thun_tr%c6%a1n_YaMe.jpg?w=800" alt="3._Ưu_điểm_vượt_trội_của_áo_thun_trơn_YaMe.jpg"/></figure><ul class="wp-block-list"><li><strong>Đơn giản mà tinh tế:</strong> Áo thun trơn YaMe không cần họa tiết cầu kỳ để tạo ấn tượng. Sự đơn giản chính là điểm nhấn, tạo nên vẻ đẹp thanh lịch và dễ dàng kết hợp với nhiều trang phục khác.</li>

<li><strong>Phù hợp với mọi phong cách:</strong> Dù bạn theo đuổi phong cách năng động, trẻ trung hay lịch lãm, trưởng thành, áo thun trơn YaMe đều có thể đáp ứng.</li>

<li><strong>Thoải mái và tự tin:</strong> Chất liệu cao cấp và công nghệ sản xuất hiện đại mang đến cảm giác thoải mái tối đa, giúp bạn tự tin trong mọi hoạt động.</li>

<li><strong>Bền bỉ và dễ chăm sóc:</strong> Áo thun trơn YaMe được làm từ những chất liệu bền bỉ, hạn chế nhăn và dễ dàng giặt ủi, giúp bạn tiết kiệm thời gian và công sức.</li>

<li><strong>Đa dạng về kiểu dáng và màu sắc:</strong> YaMe cung cấp nhiều kiểu dáng và màu sắc áo thun trơn, đáp ứng nhu cầu đa dạng của khách hàng.</li></ul><h3 class="wp-block-heading"><strong>4. Phân tích chuyên sâu về chất liệu</strong></h3><p>Chất liệu là yếu tố quan trọng quyết định đến chất lượng và sự thoải mái của áo thun trơn. YaMe sử dụng những chất liệu cao cấp để tạo nên những chiếc áo thun hoàn hảo:</p><ul class="wp-block-list"><li><strong>Cotton:</strong><ul class="wp-block-list"><li>Ưu điểm: Mềm mại, thoáng mát, thấm hút mồ hôi tốt, thân thiện với làn da, giá thành hợp lý.</li>

<li>Nhược điểm: Dễ nhăn, co rút sau giặt.</li>

<li>Phân loại:<ul class="wp-block-list"><li>Cotton thường: Phổ biến nhất, giá thành rẻ.</li>

<li>Cotton Pima: Sợi dài, mềm mịn, ít xù lông, bền màu.</li>

<li>Cotton hữu cơ (Organic Cotton): Cotton hữu cơ được trồng theo phương pháp canh tác hữu cơ, không sử dụng bất kỳ hóa chất độc hại nào như thuốc trừ sâu, phân bón hóa học hay các chất biến đổi gen, thân thiện với môi trường và an toàn cho sức khỏe.</li></ul></li></ul></li>

<li><strong>Modal:</strong><ul class="wp-block-list"><li>Ưu điểm: Mềm mịn như lụa, thoáng khí, thấm hút tốt, ít nhăn, bền màu, ít co rút.</li>

<li>Nhược điểm: Giá thành cao hơn cotton.</li></ul></li>

<li><strong>Bamboo:</strong><ul class="wp-block-list"><li>Ưu điểm: Kháng khuẩn tự nhiên, kiểm soát mùi, điều hòa nhiệt độ, thân thiện với môi trường.</li>

<li>Nhược điểm: Giá thành cao.</li></ul></li>

<li><strong>Coffee Fabric:</strong><ul class="wp-block-list"><li>Ưu điểm: Thân thiện môi trường, kiểm soát mùi, nhanh khô, chống tia UV.</li>

<li>Nhược điểm: Độ bền chưa cao bằng cotton hay modal.</li></ul></li>

<li><strong>Sợi tổng hợp (Polyester, Spandex, Nylon&#8230;):</strong><ul class="wp-block-list"><li>Ưu điểm: Bền bỉ, co giãn tốt, giữ form dáng áo, nhanh khô, ít nhăn.</li>

<li>Nhược điểm: Ít thấm hút mồ hôi, có thể gây bí bách khi mặc trong thời tiết nóng ẩm.</li></ul></li></ul><p>YaMe thường kết hợp các chất liệu tự nhiên với một tỷ lệ nhỏ sợi tổng hợp để tăng độ bền và đàn hồi cho sản phẩm.</p><h3 class="wp-block-heading"><strong>5. Công nghệ sản xuất hiện đại</strong></h3><figure class="wp-block-image"><img decoding="async" src="https://cmsv2.yame.vn//uploads/607d5641-828d-4399-9daf-45432248100c/5._C%c3%b4ng_ngh%e1%bb%87_s%e1%ba%a3n_xu%e1%ba%a5t_hi%e1%bb%87n_%c4%91%e1%ba%a1i.jpg?w=800" alt="5._Công_nghệ_sản_xuất_hiện_đại.jpg"/></figure><p>YaMe không ngừng đầu tư vào công nghệ sản xuất để mang đến những chiếc áo thun chất lượng cao và thoải mái nhất:</p><ul class="wp-block-list"><li><strong>Cool Touch:</strong> Công nghệ giúp vải thoát nhiệt nhanh, mang lại cảm giác mát lạnh khi mặc, đặc biệt phù hợp với khí hậu nhiệt đới.</li>

<li><strong>Waffle:</strong> Cấu trúc vải tổ ong giúp tăng cường khả năng thoáng khí, tạo cảm giác thoải mái và khô thoáng suốt cả ngày.</li>

<li><strong>Kỹ thuật may:</strong> YaMe sử dụng máy móc hiện đại và đội ngũ thợ may lành nghề để đảm bảo đường may tỉ mỉ, chắc chắn, tăng độ bền cho sản phẩm.</li>

<li><strong>Nhuộm màu:</strong> YaMe sử dụng công nghệ nhuộm tiên tiến, giúp màu sắc áo bền đẹp, không phai màu sau nhiều lần giặt.</li></ul><h3 class="wp-block-heading"><strong>6. Sự đa dạng trong kiểu dáng và thiết kế</strong></h3><figure class="wp-block-image"><img decoding="async" src="https://cmsv2.yame.vn//uploads/a50d8c08-d1f0-4d33-a4eb-bd624ff0fee1/6._S%e1%bb%b1_%c4%91a_d%e1%ba%a1ng_trong_ki%e1%bb%83u_d%c3%a1ng_v%c3%a0_thi%e1%ba%bft_k%e1%ba%bf.jpg?w=800" alt="6._Sự_đa_dạng_trong_kiểu_dáng_và_thiết_kế.jpg"/></figure><p>Áo thun trơn YaMe đa dạng về kiểu dáng và thiết kế, phù hợp với nhiều phong cách và sở thích khác nhau:</p><ul class="wp-block-list"><li><strong>Cổ áo:</strong> Cổ tròn, cổ tim, cổ thuyền, cổ trụ&#8230;</li>

<li><strong>Tay áo:</strong> Tay ngắn, tay dài, tay lỡ, tay raglan&#8230;</li>

<li><strong>Form áo:</strong> Form rộng (oversized), form regular, form slim fit&#8230;</li>

<li><strong>Chi tiết khác:</strong> Túi áo, đường xẻ tà, bo gấu áo&#8230;</li></ul><p>Sự đa dạng này giúp khách hàng dễ dàng lựa chọn được chiếc áo thun phù hợp với vóc dáng và phong cách của mình.</p><h3 class="wp-block-heading"><strong>7. Tầm quan trọng của màu sắc trong áo thun trơn</strong></h3><p>Màu sắc đóng vai trò quan trọng trong việc thể hiện phong cách và cá tính của người mặc. Áo thun trơn YaMe có nhiều màu sắc đa dạng, từ trung tính đến nổi bật, giúp bạn dễ dàng phối đồ và tạo điểm nhấn cho trang phục:</p><ul class="wp-block-list"><li><strong>Màu trung tính (trắng, đen, xám, be&#8230;):</strong> Dễ phối đồ, phù hợp với nhiều hoàn cảnh, mang đến vẻ đẹp thanh lịch và tinh tế.</li>

<li><strong>Màu pastel (hồng nhạt, xanh nhạt, vàng nhạt&#8230;):</strong> Tạo cảm giác nhẹ nhàng, phù hợp với phong cách trẻ trung và năng động.</li>

<li><strong>Màu nổi bật (đỏ, cam, vàng, xanh lá&#8230;):</strong> Tạo điểm nhấn cho trang phục, thể hiện cá tính mạnh mẽ và sự tự tin.</li></ul><h3 class="wp-block-heading"><strong>8. Lựa chọn và phối đồ chuyên nghiệp</strong></h3><figure class="wp-block-image"><img decoding="async" src="https://cmsv2.yame.vn//uploads/17126c7b-bb4d-4a99-aef2-f2acf93c75cd/8._L%e1%bb%b1a_ch%e1%bb%8dn_v%c3%a0_ph%e1%bb%91i_%c4%91%e1%bb%93_chuy%c3%aan_nghi%e1%bb%87p.jpg?w=800" alt="8._Lựa_chọn_và_phối_đồ_chuyên_nghiệp.jpg"/></figure><p>Để có một bộ trang phục hoàn hảo với áo thun trơn YaMe, bạn cần lưu ý những điểm sau:</p><p><strong>Lựa chọn áo thun:</strong></p><ul class="wp-block-list"><li><strong>Dáng người:</strong><ul class="wp-block-list"><li>Người gầy: Nên chọn áo form regular hoặc hơi rộng để tạo cảm giác đầy đặn hơn.</li>

<li>Người béo: Nên chọn áo form regular hoặc slim fit để tạo cảm giác thon gọn hơn.</li>

<li>Người có bụng: Nên chọn áo form regular hoặc hơi rộng, tránh áo quá bó sát.</li>

<li>Người có vai rộng: Nên chọn áo cổ tim hoặc cổ thuyền để tạo cảm giác vai nhỏ hơn.</li>

<li>Người có ngực lớn: Nên chọn áo cổ tròn hoặc cổ tim sâu vừa phải, tránh áo cổ cao.</li></ul></li>

<li><strong>Màu sắc:</strong><ul class="wp-block-list"><li>Da trắng: Phù hợp với hầu hết các màu sắc, đặc biệt là màu pastel và màu sáng.</li>

<li>Da ngăm: Nên chọn màu trung tính hoặc màu tối để làm nổi bật làn da.</li>

<li>Hoàn cảnh: Chọn màu sắc phù hợp với hoàn cảnh. Màu trung tính phù hợp với môi trường công sở, màu sắc nổi bật phù hợp với các buổi dạo phố hay tiệc tùng.</li></ul></li>

<li><strong>Chất liệu:</strong><ul class="wp-block-list"><li>Thời tiết nóng: Chọn chất liệu thoáng mát như cotton, modal, bamboo.</li>

<li>Thời tiết lạnh: Chọn chất liệu ấm áp như cotton dày, sợi tổng hợp.</li>

<li>Hoạt động: Chọn chất liệu phù hợp với hoạt động. Chất liệu co giãn tốt phù hợp với các hoạt động thể thao, chất liệu thấm hút tốt phù hợp với các hoạt động ngoài trời.</li></ul></li></ul><p><strong>Phối đồ:</strong></p><p>Áo thun trơn YaMe có thể phối với nhiều loại trang phục khác nhau, tạo nên nhiều phong cách đa dạng:</p><ul class="wp-block-list"><li><strong>Nam:</strong><ul class="wp-block-list"><li>Lịch lãm: Áo thun trơn + quần tây/chinos + giày tây.</li>

<li>Năng động: Áo thun trơn + quần jeans/kaki + giày sneaker.</li>

<li>Layer: Áo thun trơn + sơ mi/áo khoác (blazer, bomber, denim jacket&#8230;).</li>

<li>Phá cách: Áo thun trơn oversized + quần short + giày thể thao.</li></ul></li>

<li><strong>Nữ:</strong><ul class="wp-block-list"><li>Nữ tính: Áo thun trơn + chân váy (midi, maxi, chữ A&#8230;) + giày cao gót/sandal.</li>

<li>Cá tính: Áo thun trơn + quần jeans/shorts + giày sneaker/boots.</li>

<li>Layer: Áo thun trơn + áo khoác (blazer, cardigan, kimono&#8230;) hoặc áo sơ mi oversized.</li>

<li>Thanh lịch: Áo thun trơn sơ vin vào quần tây/chân váy + giày cao gót.</li></ul></li></ul><p><strong>Lưu ý:</strong></p><ul class="wp-block-list"><li>Phụ kiện cũng đóng vai trò quan trọng trong việc hoàn thiện bộ trang phục. Bạn có thể kết hợp áo thun trơn với đồng hồ, vòng tay, dây chuyền, mũ, túi xách&#8230;</li>

<li>Hãy thử nghiệm và sáng tạo để tìm ra những cách phối đồ phù hợp nhất với cá tính và hoàn cảnh của bạn.</li></ul><h3 class="wp-block-heading"><strong>9. Chăm sóc và bảo quản áo thun trơn</strong></h3><p>Để áo thun trơn YaMe luôn bền đẹp, bạn cần lưu ý những điểm sau:</p><ul class="wp-block-list"><li><strong>Giặt:</strong><ul class="wp-block-list"><li>Giặt máy ở chế độ nhẹ nhàng, nước lạnh.</li>

<li>Không sử dụng chất tẩy mạnh.</li>

<li>Lộn trái áo trước khi giặt.</li>

<li>Giặt riêng áo màu và áo trắng.</li></ul></li>

<li><strong>Phơi:</strong><ul class="wp-block-list"><li>Phơi áo ở nơi thoáng mát, tránh ánh nắng trực tiếp.</li>

<li>Không vắt áo quá mạnh.</li>

<li>Treo áo trên móc để tránh áo bị giãn.</li></ul></li>

<li><strong>Ủi:</strong><ul class="wp-block-list"><li>Ủi áo ở nhiệt độ thấp, lộn trái áo trước khi ủi.</li>

<li>Không ủi trực tiếp lên hình in (nếu có).</li></ul></li>

<li><strong>Bảo quản:</strong><ul class="wp-block-list"><li>Gấp áo gọn gàng và cất vào tủ.</li>

<li>Tránh để áo tiếp xúc với các vật sắc nhọn.</li></ul></li></ul><h3 class="wp-block-heading"><strong>10. Mua áo thun trơn YaMe ở đâu</strong></h3><p>Bạn có thể mua áo thun trơn YaMe tại:</p><ul class="wp-block-list"><li><strong>Cửa hàng chính hãng:</strong> YaMe có hệ thống cửa hàng rộng khắp cả nước, bạn có thể đến trực tiếp để trải nghiệm sản phẩm, nhận tư vấn từ nhân viên và lựa chọn chiếc áo phù hợp nhất với mình.</li>

<li><strong>Website YaMe:</strong> Mua sắm trực tuyến nhanh chóng và tiện lợi tại website chính thức của YaMe. Bạn có thể dễ dàng tìm kiếm, so sánh và đặt mua sản phẩm yêu thích mọi lúc, mọi nơi.</li></ul><h3 class="wp-block-heading"><strong>11. Lời kết</strong></h3><p>Áo thun trơn YaMe là một sản phẩm thời trang không thể thiếu trong tủ đồ của mọi người. Với chất liệu cao cấp, công nghệ sản xuất hiện đại và thiết kế đa dạng, áo thun trơn YaMe mang đến sự thoải mái, tự tin và phong cách vượt trội. Hãy để áo thun trơn YaMe đồng hành cùng bạn trong mọi khoảnh khắc, từ những buổi dạo phố năng động đến những sự kiện quan trọng.</p>]]></content:encoded>
					
					<wfw:commentRss>https://https://github.com/BaRoWoPt/TMDT_YAMIE.git/dac-ao-thun-tron-yame-su-tinh-te-trong-tung-chi-tiet/feed/</wfw:commentRss>
			<slash:comments>0</slash:comments>
		
		
			</item>
		<item>
		<title>NON BRANDED: Tối Giản, Tiết Kiệm, Phù Hợp Mọi Nơi</title>
		<link>https://https://github.com/BaRoWoPt/TMDT_YAMIE.git/1103-2/</link>
					<comments>https://https://github.com/BaRoWoPt/TMDT_YAMIE.git/1103-2/#respond</comments>
		
		<dc:creator><![CDATA[hongngan]]></dc:creator>
		<pubDate>Sat, 02 Nov 2024 07:24:58 +0000</pubDate>
				<category><![CDATA[Uncategorized]]></category>
		<guid isPermaLink="false">https://https://github.com/BaRoWoPt/TMDT_YAMIE.git/?p=1103</guid>

					<description><![CDATA[NON BRANDED: Tối Giản, Tiết Kiệm, Phù Hợp Mọi Nơi Trong thế giới thời trang hiện đại, sự tối giản đang dần lên ngôi. Không còn những chi tiết rườm rà hay họa tiết cầu kỳ, mọi người ngày càng ưa chuộng những thiết kế đơn giản, tinh tế và tập trung vào chất lượng. [...]]]></description>
										<content:encoded><![CDATA[<h3 class="wp-block-heading">NON BRANDED: Tối Giản, Tiết Kiệm, Phù Hợp Mọi Nơi</h3><p>Trong thế giới thời trang hiện đại, sự tối giản đang dần lên ngôi. Không còn những chi tiết rườm rà hay họa tiết cầu kỳ, mọi người ngày càng ưa chuộng những thiết kế đơn giản, tinh tế và tập trung vào chất lượng. Nắm bắt được xu hướng này, YaMe cho ra mắt bộ sưu tập Non Branded &#8211; một dòng sản phẩm tối giản, tiện dụng và đặc biệt là giá cả hợp lý, đáp ứng nhu cầu của mọi người về một phong cách sống tinh gọn và hiện đại.</p><p>Bài viết này sẽ đưa bạn khám phá những điểm đặc biệt của Non Branded, từ thiết kế, chất liệu đến tính ứng dụng của từng sản phẩm.</p><h3 class="wp-block-heading"><strong>Lý do ra đời bộ sưu tập</strong></h3><figure class="wp-block-image"><img decoding="async" src="https://cmsv2.yame.vn//uploads/79ab950b-42b3-49d6-a2e9-9ad480e94659/ly_do_ra_doi_bo_suu_tap.jpg?w=800" alt="ly_do_ra_doi_bo_suu_tap.jpg"/></figure><p>Lấy cảm hứng từ triết lý &#8220;less is more&#8221;, các sản phẩm của Non Branded tập trung vào chất liệu, đường may và kiểu dáng cơ bản, loại bỏ hoàn toàn các chi tiết trang trí không cần thiết. Non Branded hướng đến sự tiện dụng, thoải mái và phù hợp với nhiều hoàn cảnh khác nhau, từ đi làm, đi chơi đến các hoạt động thể thao.</p><p>Bộ sưu tập Non Branded không chỉ là một thương hiệu thời trang, nó là một tuyên ngôn về phong cách sống tối giản, đề cao sự tinh tế và bền vững. Trong bối cảnh xã hội hiện đại, nơi con người bị cuốn vào vòng xoáy của chủ nghĩa tiêu dùng, mang đến một làn gió mới, khuyến khích sự lựa chọn thông minh và có ý thức.</p><h3 class="wp-block-heading"><strong>Ưu điểm lớn nhất của bộ sưu tập</strong></h3><ul class="wp-block-list"><li><strong>Tối giản trong thiết kế và chất liệu</strong><br>Bộ sưu tập Non Branded lựa chọn những chất liệu vải có chất lượng cao, thân thiện với môi trường và mang lại cảm giác thoải mái cho người mặc. Các thiết kế của bộ sưu tập Non Branded tập trung vào sự đơn giản, tinh tế và tiện dụng, loại bỏ các chi tiết rườm rà, giúp người mặc dễ dàng phối đồ và tự tin trong mọi hoàn cảnh.</li>

<li><strong>Tiết kiệm chi phí, tối đa hóa giá trị</strong><br>YaMe tối ưu hóa quy trình sản xuất và loại bỏ các chi phí không cần thiết để mang đến cho khách hàng những sản phẩm chất lượng với mức giá hợp lý. Bộ sưu tập Non Branded là sự lựa chọn thông minh cho những người tiêu dùng thông thái, biết cân nhắc giữa giá trị và chi phí.</li>

<li><strong>Tính ứng dụng cao trong mọi hoàn cảnh</strong><br>Các sản phẩm của bộ sưu tập Non Branded được thiết kế để phù hợp với nhiều hoàn cảnh khác nhau, từ công sở đến dạo phố, từ các hoạt động thể thao đến những buổi gặp gỡ bạn bè. Tính linh hoạt và tiện dụng của Non Branded giúp người mặc tự tin thể hiện phong cách cá nhân mà không cần phải lo lắng về việc lựa chọn trang phục.</li></ul><h3 class="wp-block-heading"><strong>Kiểu sản phẩm trong bộ sưu tập</strong></h3><figure class="wp-block-image"><img decoding="async" src="https://cmsv2.yame.vn//uploads/36703d9a-ad98-4162-94d3-46f0dfdc5240/Kieu_san_pham_trong_bo_suu_tap_1.jpg?w=800" alt="Kieu_san_pham_trong_bo_suu_tap_1.jpg"/></figure><figure class="wp-block-image"><img decoding="async" src="https://cmsv2.yame.vn//uploads/a851830d-f0bf-4b06-b203-a0bf58f8ef27/Kieu_san_pham_trong_bo_suu_tap_2.jpg?w=800" alt="Kieu_san_pham_trong_bo_suu_tap_2.jpg"/></figure><p>Đa dạng các loại sản phẩm, đáp ứng nhu cầu đa dạng:</p><ul class="wp-block-list"><li><strong>Áo thun:</strong> Là lựa chọn tuyệt vời cho những ai yêu thích sự thoải mái và phong cách tối giản. Chất vải Waffle 100% Polyester co giãn, thoáng mát, thấm hút mồ hôi tốt, mang đến cảm giác dễ chịu khi vận động. Kiểu dáng basic, dễ phối đồ và phù hợp cho cả nam và nữ. Đặc biệt, áo được may tỉ mỉ với kỹ thuật hoàn thiện cổ áo tinh tế, tạo nên vẻ ngoài sang trọng. Sản phẩm thuộc bộ sưu tập Non Branded, tập trung vào chất lượng và thiết kế, với mức giá hợp lý, phù hợp với đa số người dùng.</li>

<li><strong>3 Lỗ: T</strong>hoải mái tuyệt đối chính là ưu điểm nổi bật của chiếc áo ba lỗ này. Thiết kế nách rộng thông minh càng tăng thêm sự thoải mái, cho phép bạn tự do vận động mà không lo gò bó. Chiếc áo này dễ dàng kết hợp với nhiều phong cách, từ năng động, thể thao đến đơn giản, thường ngày. Bạn có thể mặc nó khi đi chơi, tập gym, dạo phố hay thậm chí là ở nhà thư giãn. Là một thiết kế thuộc bộ sưu tập Non Branded, mang đến sự tối giản và tiện dụng mà không kém phần tinh tế với đường may viền chắc chắn. Với mức giá hợp lý, đây chắc chắn là một item &#8220;must-have&#8221; trong tủ đồ của bạn.</li>

<li><strong>Áo Polo:</strong> Thuộc bộ sưu tập NON BRANDED, chiếc áo polo này hướng đến sự sang trọng, tinh tế nhưng không kém phần năng động, trẻ trung. Áo mang đến cảm giác mềm mại, thoáng mát vượt trội, đồng thời co giãn 4 chiều giúp bạn luôn thoải mái trong mọi hoạt động. Thiết kế tay ngắn đơn giản, cùng bảng màu đa dạng dễ dàng kết hợp với nhiều phong cách, từ đi làm, đi chơi đến những buổi gặp gỡ bạn bè. Hoặc có thể phối cpl cũng được á nha.</li>

<li><strong>Sơ mi:</strong> Với thiết kế tối giản, hiện đại và mức giá hợp lý, chiếc áo sơ mi này là một item không thể thiếu trong tủ đồ của bất kỳ quý ông nào. chiếc áo sở hữu khả năng co giãn tốt, thấm hút mồ hôi hiệu quả, mang đến cảm giác thoải mái tối ưu cho người mặc. Thiết kế form dáng vừa vặn, cùng đường may tỉ mỉ và bảng màu đa dạng, giúp bạn dễ dàng phối đồ và thể hiện phong cách thời trang riêng biệt, dù là phá cách, táo bạo hay đơn giản, tinh tế. Đặc biệt, chất liệu vải còn có khả năng chống co rút, giữ form áo luôn đẹp như mới sau nhiều lần sử dụng.</li>

<li><strong>Quần dài thun:</strong> Với kiểu dáng đơn giản, hiện đại, chiếc quần dễ dàng kết hợp với nhiều loại áo và phong cách khác nhau, từ áo thun, áo sơ mi đến áo khoác. Hai túi bên tiện lợi cũng là một điểm cộng, giúp bạn đựng những vật dụng nhỏ cần thiết. Thiết kế lưng thun co giãn đảm bảo sự thoải mái và vừa vặn tuyệt đối, trong khi ống quần bo gấu tạo điểm nhấn thời trang và giúp quần giữ form dáng tốt hơn. Không chỉ ghi điểm bởi chất lượng bền bỉ, thiết kế tối giản mà còn bởi mức giá vô cùng hợp lý.</li>

<li><strong>Quần tây:</strong> Sở hữu form dáng vừa vặn, ống quần đứng thẳng, không quá ôm sát cũng không quá rộng, kết hợp cùng chất liệu Trouser fabric co giãn, bền màu, ít nhăn, chiếc quần mang đến sự thoải mái tối ưu cho người mặc, đồng thời tôn lên vẻ nam tính và lịch lãm. Bạn có thể dễ dàng kết hợp chiếc quần tây này với nhiều loại áo khác nhau, từ áo sơ mi, áo thun đến áo vest, phù hợp với nhiều phong cách và hoàn cảnh, từ công sở đến những buổi gặp gỡ đối tác quan trọng.</li>

<li><strong>Quần short:</strong> Mang đến sự thoải mái và năng động cho người mặc, phù hợp với các hoạt động thể thao và ngày hè nóng bức. Thiết kế tối giản dễ phối đồ và giá cả hợp lý. Lựa chọn mẫu nào phụ thuộc vào ưu tiên của bạn về chất liệu, kiểu dáng và phong cách.</li>

<li><strong>Nón:</strong> Form dáng vừa vặn, mang lại cảm giác dễ chịu khi sử dụng, che nắng hiệu quả, bảo vệ khuôn mặt khỏi tác động của thời tiết. Nhiều màu sắc và mẫu mã đa dạng</li>

<li><strong>Ví:</strong> được làm từ vải canvas hoặc vải bố, có độ bền cao. Thiết kế nhỏ gọn, tiện dụng, có nhiều ngăn chứa thẻ, tiền mặt và giấy tờ tùy thân.</li>

<li><strong>Túi đeo:</strong> Có nhiều kiểu dáng khác nhau, từ túi đeo chéo nhỏ gọn đến túi bao tử tiện lợi, có nhiều ngăn chứa đồ, để đựng điện thoại, ví tiền, chìa khóa và các vật dụng cá nhân khác khi đi ra ngoài.</li></ul><h3 class="wp-block-heading"><strong>Chất liệu sản phẩm trong bộ sưu tập</strong></h3><p>Bộ sưu tập Non Branded mang đến sự lựa chọn đa dạng chất liệu, đáp ứng nhu cầu thoải mái và phong cách cho mọi hoạt động.</p><p><strong>Pique:</strong>&nbsp;Sự mềm mại, thoáng mát và bền bỉ là những đặc điểm nổi bật của chất liệu Pique. Khả năng co giãn 4 chiều giúp bạn tự do vận động trong mọi hoàn cảnh.</p><p><strong>Waffle:</strong>&nbsp;Chất liệu Waffle với độ co giãn 2 chiều mang đến sự thoải mái tối ưu, đặc biệt là khi vận động.</p><p><strong>Dù (Parachute):</strong>&nbsp;Chất liệu dù được yêu thích bởi sự thoáng mát, khả năng thấm hút mồ hôi tốt và trọng lượng nhẹ. Độ co giãn 4 chiều giúp bạn luôn tự tin và thoải mái khi di chuyển.</p><p><strong>Bird Eye Mesh:</strong>&nbsp;Vải Bird Eye Mesh tạo sự thông thoáng tối đa, thấm hút mồ hôi nhanh chóng, mang lại cảm giác mát mẻ, khô thoáng ngay cả trong những ngày hè oi bức.</p><p><strong>Polyester Bird Eye Mesh Fabric:</strong>&nbsp;Vải Polyester Bird Eye Mesh với độ co giãn 2 chiều đảm bảo sự thoải mái khi vận động.</p><p><strong>Modal Fabric:</strong>&nbsp;Chất liệu Modal Fabric nổi bật với khả năng co giãn tốt, chống co rút, giữ form dáng sản phẩm sau nhiều lần sử dụng. Khả năng thấm hút và thoát mồ hôi ưu việt giúp bạn luôn cảm thấy khô thoáng và dễ chịu.</p><p><strong>Trouser Fabric:</strong>&nbsp;Vải Trouser bền màu, ít nhăn, dễ dàng chăm sóc và có độ co giãn nhẹ, là sự lựa chọn hoàn hảo cho những trang phục lịch sự và thoải mái.</p><p>Sự đa dạng về chất liệu và kiểu dáng mang đến cho bạn những trải nghiệm thời trang tuyệt vời.</p><h3 class="wp-block-heading"><strong>Bộ sưu tập Non-Branded nữ có mặc được không?</strong></h3><figure class="wp-block-image"><img decoding="async" src="https://cmsv2.yame.vn//uploads/99bc8fdf-ef69-416b-a1e4-91da8e5417dc/Bo_suu_tap_Non-Branded_nu_co_mac_%c4%91uoc_khong.jpg?w=800" alt="Bo_suu_tap_Non-Branded_nu_co_mac_đuoc_khong.jpg"/></figure><p>Hoàn toàn được nhé. Mặc dù BST Non Branded hướng đến phong cách tối giản, tập trung vào thiết kế và chất liệu cơ bản, nhiều sản phẩm trong BST có tính ứng dụng cao và phù hợp cho cả nam và nữ. Ví dụ như áo thun, áo polo, quần short, nón, ví, túi đeo&#8230; đều có thể được phái đẹp lựa chọn để tạo nên phong cách năng động, cá tính hoặc tối giản, thanh lịch. Đặc biệt, với những items như áo thun basic, phái nữ có thể dễ dàng biến tấu với nhiều cách mix-match khác nhau để tạo nên những outfit độc đáo và thể hiện cá tính riêng.</p><p>Thêm vào đó, các cặp đôi cũng có thể lựa chọn những items giống nhau hoặc có sự kết hợp ăn ý về màu sắc, kiểu dáng từ bộ sưu tập để tạo nên những bộ đồ đôi trẻ trung, năng động mà vẫn đảm bảo sự thoải mái, tiện dụng.</p><h3 class="wp-block-heading"><strong>Bộ sưu tập này dành cho ai và mặc đi đâu?</strong></h3><p>BST Non Branded hướng đến đối tượng khách hàng rộng rãi, đặc biệt là những ai yêu thích sự tối giản, tiện dụng và đề cao chất lượng.</p><ul class="wp-block-list"><li><strong>Về độ tuổi</strong>: Phù hợp với nhiều lứa tuổi, từ học sinh, sinh viên đến người đi làm.</li>

<li><strong>Về phong cách</strong>: Non Branded là lựa chọn hoàn hảo cho những ai yêu thích phong cách tối giản (minimalist), năng động (sporty) hoặc đơn giản, thoải mái (casual).</li>

<li><strong>Về hoàn cảnh sử dụng</strong>: Với tính ứng dụng cao, các sản phẩm trong bộ sưu tập có thể được sử dụng trong nhiều hoàn cảnh khác nhau:<ul class="wp-block-list"><li><strong>Đi làm, đi học</strong>: áo sơ mi, quần tây, áo polo mang đến vẻ ngoài lịch sự, chuyên nghiệp.</li>

<li><strong>Đi chơi, dạo phố</strong>: áo thun, quần short, quần dài thun tạo nên phong cách năng động, thoải mái.</li>

<li><strong>Tập gym, vận động</strong>: áo ba lỗ, quần short thể thao, áo thun từ chất liệu thoáng mát, co giãn hỗ trợ tối đa cho việc luyện tập.</li>

<li><strong>Ở nhà</strong>: áo thun, quần short mang đến sự thoải mái, dễ chịu.</li></ul></li></ul><h3 class="wp-block-heading"><strong>Kết nối với Non Branded</strong></h3><p>Để sở hữu những sản phẩm trong bộ sưu tập Non Branded, bạn có thể ghé thăm cửa hàng YaMe trên toàn quốc hoặc mua sắm online tại website yame.vn.</p><h3 class="wp-block-heading"><strong>Lời kết</strong></h3><p>Non Branded là sự lựa chọn hoàn hảo cho những ai yêu thích phong cách tối giản, đề cao sự tiện lợi, tiết kiệm và bền vững. Với thiết kế tinh tế, chất liệu cao cấp và giá cả hợp lý, bộ sưu tập Non Branded mang đến cho người dùng những trải nghiệm thời trang tuyệt vời. YaMe tiếp tục nâng cao chất lượng sản phẩm và dịch vụ, góp phần mang đến cho khách hàng những giá trị tốt đẹp nhất.</p>]]></content:encoded>
					
					<wfw:commentRss>https://https://github.com/BaRoWoPt/TMDT_YAMIE.git/1103-2/feed/</wfw:commentRss>
			<slash:comments>0</slash:comments>
		
		
			</item>
	</channel>
</rss>
